id,order_id,menu_item_id,item_name,quantity,is_half,unit_price,line_total
1,1782821270782,4,Platter Steam,6,false,109,109
2,1782821282861,2,Paneer Steam,6,false,109,109
3,1782822565683,4,Platter Steam,3,true,60,60
4,1782822808076,1,Veg Steam,6,false,89,89
5,1782822826218,4,Platter Steam,6,false,109,109
6,1782823097597,1,Veg Steam,12,false,17,178
7,1782823176121,3,Cheese Corn Steam,6,false,129,129
8,1782823279766,4,Platter Steam,6,false,109,109
9,1782823549859,4,Platter Steam,6,false,109,109
10,1782823798988,4,Platter Steam,6,false,109,109
11,1782823798988,12,Platter Creamy,6,false,129,129
12,1782824411641,3,Cheese Corn Steam,6,false,129,129
13,1782825348572,4,Platter Steam,6,false,109,109
14,1782825359662,18,Paneer Nepalese Kothey,6,false,139,139
15,1782825398046,2,Paneer Steam,3,true,60,60
16,1782826149523,2,Paneer Steam,6,false,109,109
17,1782826595608,1,Veg Steam,3,true,50,50
18,1782826704878,3,Cheese Corn Steam,6,false,129,129
19,1782827454596,2,Paneer Steam,3,true,60,60
20,1782827604469,6,Paneer Fry,6,false,129,129
21,1782827998884,1,Veg Steam,3,true,50,50
22,1782829714809,2,Paneer Steam,6,false,109,109
23,1782829753147,2,Paneer Steam,3,true,60,60
24,1782829754366,2,Paneer Steam,3,true,60,60
25,1782830530712,6,Paneer Fry,6,false,129,129
26,1782830530712,2,Paneer Steam,3,true,60,60
27,1782830700315,2,Paneer Steam,6,false,109,109
28,1782830711059,2,Paneer Steam,3,true,60,60
29,1782830886535,4,Platter Steam,6,false,109,109
30,1782831205557,6,Paneer Fry,6,false,129,129
31,1782840569648,6,Paneer Fry,6,false,129,129
32,1782840569648,23,Cheese Corn Pan Fried Gravy,6,false,159,159
33,1782924693361,1,Veg Steam,2,false,17,34
34,1782924693361,3,Cheese Corn Steam,1,false,23,23
35,1782924693361,2,Paneer Steam,3,false,20,60
36,1783082188183,2,Paneer Steam,12,false,20,218
37,1783082188183,10,Paneer Creamy,3,true,70,70
38,1783197988834,1,Veg Steam,6,false,89,89
39,1783197988834,6,Paneer Fry,6,false,129,129
40,1783197988834,11,Cheese Corn Creamy,6,false,149,149
41,1783197988834,14,Paneer Creamy Fry,6,false,149,149
42,1783429874193,21,Veg Pan Fried Gravy,3,true,75,75
43,1783429874193,22,Paneer Pan Fried Gravy,3,true,80,80
44,1783429874193,23,Cheese Corn Pan Fried Gravy,3,true,85,85
45,1783430360274,3,Cheese Corn Steam,6,false,129,129
47,1783430384106,1,Veg Steam,3,true,50,50
50,1783430600700,2,Paneer Steam,3,true,60,60
51,1783430894885,2,Paneer Steam,6,false,109,109
52,1783431044358,4,Platter Steam,3,true,60,60
53,1783431558059,2,Paneer Steam,6,false,109,109
54,1783431578018,2,Paneer Steam,3,true,60,60
57,1783431651704,4,Platter Steam,3,true,60,60
58,1783431636009,4,Platter Steam,6,false,109,109
59,1783432238302,2,Paneer Steam,6,false,109,109
60,1783432250753,24,Platter Pan Fried Gravy,6,false,149,149
61,1783433419487,5,Veg Fry,6,false,109,109
62,1783433504155,1,Veg Steam,6,false,89,89
63,1783434900098,5,Veg Fry,6,false,109,109
64,1783434900098,6,Paneer Fry,12,false,23,258
65,1783434900098,2,Paneer Steam,18,false,20,327
66,1783434900098,22,Paneer Pan Fried Gravy,6,false,149,149
67,1783436511818,3,Cheese Corn Steam,6,false,129,129
68,1783436536454,7,Cheese Corn Fry,6,false,149,149
69,1783436566567,1,Veg Steam,6,false,89,89
70,1783436566567,2,Paneer Steam,3,true,60,60
71,1783436596791,2,Paneer Steam,15,false,20,278
72,1783437439529,7,Cheese Corn Fry,6,false,149,149
73,1783437794730,2,Paneer Steam,6,false,109,109
74,1783438695112,2,Paneer Steam,6,false,109,109
75,1783438709061,14,Paneer Creamy Fry,6,false,149,149
76,1783438739679,1,Veg Steam,6,false,89,89
77,1783438756111,4,Platter Steam,6,false,109,109
78,1783438923262,2,Paneer Steam,6,false,109,109
79,1783438923262,1,Veg Steam,6,false,89,89
80,1783439559555,4,Platter Steam,6,false,109,109
81,1783439590708,4,Platter Steam,6,false,109,109
82,1783439608651,2,Paneer Steam,6,false,109,109
83,1783440677324,1,Veg Steam,6,false,89,89
84,1783440679696,2,Paneer Steam,6,false,109,109
85,1783440702718,4,Platter Steam,6,false,109,109
87,1783441199722,2,Paneer Steam,6,false,109,109
88,1783441514609,7,Cheese Corn Fry,9,false,27,230
89,1783441175024,4,Platter Steam,6,false,109,109
90,1783442284449,3,Cheese Corn Steam,4,false,23,92
91,1783442313885,2,Paneer Steam,6,false,109,109
92,1783442313885,1,Veg Steam,6,false,89,89
93,1783443603357,2,Paneer Steam,3,true,60,60
94,1783444144077,10,Paneer Creamy,3,true,70,70
95,1783444144077,11,Cheese Corn Creamy,3,true,80,80
96,1783445193539,7,Cheese Corn Fry,3,true,80,80
97,1783445193539,2,Paneer Steam,4,false,20,80
98,1783452269733,1,Veg Steam,6,false,89,89
99,1783452269733,6,Paneer Fry,6,false,129,129
100,1783452269733,11,Cheese Corn Creamy,6,false,149,149
101,1783452269733,2,Paneer Steam,6,false,109,109
102,1783455180584,1,Veg Steam,6,false,89,89
103,1783455180584,6,Paneer Fry,6,false,129,129
104,1783455180584,10,Paneer Creamy,6,false,129,129
105,1783455180584,13,Veg Creamy Fry,6,false,129,129
106,1783455238898,3,Cheese Corn Steam,6,false,129,129
107,1783455238898,6,Paneer Fry,6,false,129,129
108,1783455238898,9,Veg Creamy,6,false,129,129
109,1783455260166,4,Platter Steam,6,false,109,109
110,1783455260166,7,Cheese Corn Fry,6,false,149,149
111,1783455260166,10,Paneer Creamy,6,false,129,129
112,1783455260166,13,Veg Creamy Fry,6,false,129,129
113,1783455260166,18,Paneer Nepalese Kothey,6,false,139,139
114,1783455260166,23,Cheese Corn Pan Fried Gravy,6,false,159,159
115,1783472559471,4,Platter Steam,6,false,109,109
116,1783472559471,5,Veg Fry,6,false,109,109
117,1783472559471,10,Paneer Creamy,6,false,129,129
118,1783472559471,23,Cheese Corn Pan Fried Gravy,6,false,159,159
119,1783472582763,8,Platter Fry,6,false,129,129
120,1783472582763,7,Cheese Corn Fry,6,false,149,149
121,1783472582763,6,Paneer Fry,6,false,129,129
122,1783472582763,5,Veg Fry,6,false,109,109
123,1783472592980,1,Veg Steam,6,false,89,89
124,1783528250857,3,Cheese Corn Steam,6,false,129,129
125,1783528250857,1,Veg Steam,1,false,17,17
126,1783528250857,2,Paneer Steam,5,false,20,90
127,1783528277377,2,Paneer Steam,2,false,20,40
128,1783528277377,3,Cheese Corn Steam,2,false,23,46
129,1783589556594,1,Veg Steam,6,false,89,89
130,1783589556594,4,Platter Steam,6,false,109,109
131,1783589556594,8,Platter Fry,6,false,129,129
132,1783589556594,12,Platter Creamy,6,false,129,129
133,1783589556594,9,Veg Creamy,6,false,129,129
134,1783589556594,13,Veg Creamy Fry,6,false,129,129
135,1783589556594,16,Platter Creamy Fry,6,false,149,149
136,1783589556594,17,Veg Nepalese Kothey,6,false,129,129
137,1783589556594,20,Platter Nepalese Kothey,6,false,139,139
138,1783589556594,21,Veg Pan Fried Gravy,6,false,139,139
139,1783589556594,24,Platter Pan Fried Gravy,6,false,149,149
140,1783589571188,8,Platter Fry,6,false,129,129
141,1783589571188,1,Veg Steam,6,false,89,89
142,1783589571188,2,Paneer Steam,6,false,109,109
143,1783589571188,7,Cheese Corn Fry,6,false,149,149
144,1783589571188,5,Veg Fry,6,false,109,109
145,1783589571188,9,Veg Creamy,6,false,129,129
146,1783589571188,11,Cheese Corn Creamy,6,false,149,149
147,1783589571188,12,Platter Creamy,6,false,129,129
148,1783589571188,10,Paneer Creamy,6,false,129,129
149,1783589584468,5,Veg Fry,6,false,109,109
150,1783589607603,1,Veg Steam,6,false,89,89
151,1783589617237,7,Cheese Corn Fry,6,false,149,149
152,1783589617237,10,Paneer Creamy,6,false,129,129
153,1783589648926,8,Platter Fry,6,false,129,129
154,1783589648926,12,Platter Creamy,6,false,129,129
155,1783589648926,20,Platter Nepalese Kothey,6,false,139,139
156,1783589689014,2,Paneer Steam,6,false,109,109
157,1783599529743,2,Paneer Steam,6,false,109,109
158,1783599904329,2,Paneer Steam,3,true,60,60
159,1783600025174,2,Paneer Steam,6,false,109,109
160,1783601607094,2,Paneer Steam,6,false,109,109
163,1783601634389,2,Paneer Steam,3,true,60,60
164,1783601634389,3,Cheese Corn Steam,6,false,129,129
165,1783602127237,2,Paneer Steam,6,false,109,109
167,1783602284555,19,Cheese Corn Nepalese Kothey,6,false,149,149
168,1783602359389,1,Veg Steam,3,true,50,50
169,1783602359389,4,Platter Steam,6,false,109,109
170,1783602359653,1,Veg Steam,3,true,50,50
171,1783602359653,4,Platter Steam,6,false,109,109
173,1783602517723,1,Veg Steam,3,true,50,50
174,1783602517723,4,Platter Steam,6,false,109,109
175,1783602516846,1,Veg Steam,3,true,50,50
176,1783602516846,4,Platter Steam,6,false,109,109
177,1783602519027,1,Veg Steam,3,true,50,50
178,1783602519027,4,Platter Steam,6,false,109,109
179,1783602519677,1,Veg Steam,3,true,50,50
180,1783602519677,4,Platter Steam,6,false,109,109
181,1783602520314,1,Veg Steam,3,true,50,50
182,1783602520314,4,Platter Steam,6,false,109,109
183,1783602521609,1,Veg Steam,3,true,50,50
184,1783602521703,1,Veg Steam,3,true,50,50
185,1783602521609,4,Platter Steam,6,false,109,109
186,1783602521703,4,Platter Steam,6,false,109,109
187,1783602522886,1,Veg Steam,3,true,50,50
188,1783602522886,4,Platter Steam,6,false,109,109
189,1783602522884,1,Veg Steam,3,true,50,50
190,1783602522884,4,Platter Steam,6,false,109,109
191,1783602524203,1,Veg Steam,3,true,50,50
192,1783602524203,4,Platter Steam,6,false,109,109
193,1783602525428,1,Veg Steam,3,true,50,50
194,1783602525428,4,Platter Steam,6,false,109,109
195,1783602526554,1,Veg Steam,3,true,50,50
196,1783602526554,4,Platter Steam,6,false,109,109
197,1783602525678,1,Veg Steam,3,true,50,50
198,1783602525678,4,Platter Steam,6,false,109,109
199,1783602527717,1,Veg Steam,3,true,50,50
200,1783602527717,4,Platter Steam,6,false,109,109
201,1783602528007,1,Veg Steam,3,true,50,50
202,1783602528007,4,Platter Steam,6,false,109,109
203,1783602360237,4,Platter Steam,6,false,109,109
204,1783602528803,1,Veg Steam,3,true,50,50
205,1783602528803,4,Platter Steam,6,false,109,109
206,1783602529496,1,Veg Steam,3,true,50,50
207,1783602529496,4,Platter Steam,6,false,109,109
208,1783602531790,1,Veg Steam,3,true,50,50
209,1783602531790,4,Platter Steam,6,false,109,109
210,1783602531982,1,Veg Steam,3,true,50,50
211,1783602531982,4,Platter Steam,6,false,109,109
212,1783602533984,1,Veg Steam,3,true,50,50
213,1783602533984,4,Platter Steam,6,false,109,109
214,1783602535395,1,Veg Steam,3,true,50,50
215,1783602535395,4,Platter Steam,6,false,109,109
216,1783602536582,1,Veg Steam,3,true,50,50
217,1783602536582,4,Platter Steam,6,false,109,109
218,1783602537478,1,Veg Steam,3,true,50,50
219,1783602537478,4,Platter Steam,6,false,109,109
220,1783602537788,1,Veg Steam,3,true,50,50
221,1783602537788,4,Platter Steam,6,false,109,109
222,1783602538580,1,Veg Steam,3,true,50,50
223,1783602538580,4,Platter Steam,6,false,109,109
224,1783602876474,1,Veg Steam,3,true,50,50
225,1783602876493,1,Veg Steam,3,true,50,50
226,1783602876474,4,Platter Steam,6,false,109,109
227,1783602876493,4,Platter Steam,6,false,109,109
228,1783602878884,1,Veg Steam,3,true,50,50
229,1783602878884,4,Platter Steam,6,false,109,109
230,1783602879417,1,Veg Steam,3,true,50,50
231,1783602879417,4,Platter Steam,6,false,109,109
232,1783602880007,1,Veg Steam,3,true,50,50
233,1783602880007,4,Platter Steam,6,false,109,109
234,1783602881002,1,Veg Steam,3,true,50,50
235,1783602881002,4,Platter Steam,6,false,109,109
236,1783602881177,1,Veg Steam,3,true,50,50
237,1783602881177,4,Platter Steam,6,false,109,109
238,1783602881770,2,Paneer Steam,6,false,109,109
239,1783602882160,1,Veg Steam,3,true,50,50
240,1783602882160,4,Platter Steam,6,false,109,109
241,1783602882675,1,Veg Steam,3,true,50,50
242,1783602882675,4,Platter Steam,6,false,109,109
243,1783602883586,1,Veg Steam,3,true,50,50
244,1783602883586,4,Platter Steam,6,false,109,109
245,1783602883794,1,Veg Steam,3,true,50,50
246,1783602883794,4,Platter Steam,6,false,109,109
247,1783602884759,1,Veg Steam,3,true,50,50
248,1783602884759,4,Platter Steam,6,false,109,109
249,1783602884967,1,Veg Steam,3,true,50,50
250,1783602884967,4,Platter Steam,6,false,109,109
251,1783602885926,1,Veg Steam,3,true,50,50
252,1783602885926,4,Platter Steam,6,false,109,109
253,1783602886094,1,Veg Steam,3,true,50,50
254,1783602886094,4,Platter Steam,6,false,109,109
255,1783603240367,1,Veg Steam,3,true,50,50
256,1783603240458,1,Veg Steam,3,true,50,50
257,1783603240367,4,Platter Steam,6,false,109,109
258,1783603240458,4,Platter Steam,6,false,109,109
259,1783603243734,1,Veg Steam,3,true,50,50
260,1783603243734,4,Platter Steam,6,false,109,109
261,1783603243852,1,Veg Steam,3,true,50,50
262,1783603243852,4,Platter Steam,6,false,109,109
263,1783603244852,1,Veg Steam,3,true,50,50
264,1783603244852,4,Platter Steam,6,false,109,109
265,1783603246066,1,Veg Steam,3,true,50,50
266,1783603246066,4,Platter Steam,6,false,109,109
267,1783603245648,1,Veg Steam,3,true,50,50
268,1783603245648,4,Platter Steam,6,false,109,109
269,1783603248315,1,Veg Steam,3,true,50,50
270,1783603248315,4,Platter Steam,6,false,109,109
271,1783603248487,1,Veg Steam,3,true,50,50
272,1783603248487,4,Platter Steam,6,false,109,109
273,1783603249593,1,Veg Steam,3,true,50,50
274,1783603249657,1,Veg Steam,3,true,50,50
275,1783603249593,4,Platter Steam,6,false,109,109
276,1783603249657,4,Platter Steam,6,false,109,109
277,1783603250921,1,Veg Steam,3,true,50,50
278,1783603250943,1,Veg Steam,3,true,50,50
279,1783603250921,4,Platter Steam,6,false,109,109
280,1783603250943,4,Platter Steam,6,false,109,109
281,1783603252152,1,Veg Steam,3,true,50,50
282,1783603252162,1,Veg Steam,3,true,50,50
283,1783603252152,4,Platter Steam,6,false,109,109
284,1783603252162,4,Platter Steam,6,false,109,109
285,1783603253423,1,Veg Steam,3,true,50,50
286,1783603253440,1,Veg Steam,3,true,50,50
287,1783603253423,4,Platter Steam,6,false,109,109
288,1783603253440,4,Platter Steam,6,false,109,109
289,1783603254723,1,Veg Steam,3,true,50,50
290,1783603254727,1,Veg Steam,3,true,50,50
291,1783603254723,4,Platter Steam,6,false,109,109
292,1783603254727,4,Platter Steam,6,false,109,109
293,1783603255843,1,Veg Steam,3,true,50,50
294,1783603255843,4,Platter Steam,6,false,109,109
295,1783603255867,1,Veg Steam,3,true,50,50
296,1783603255867,4,Platter Steam,6,false,109,109
297,1783603257195,1,Veg Steam,3,true,50,50
298,1783603257195,4,Platter Steam,6,false,109,109
299,1783603258263,1,Veg Steam,3,true,50,50
300,1783603258295,1,Veg Steam,3,true,50,50
301,1783603258263,4,Platter Steam,6,false,109,109
302,1783603258295,4,Platter Steam,6,false,109,109
303,1783603259363,1,Veg Steam,3,true,50,50
304,1783603259363,4,Platter Steam,6,false,109,109
305,1783603259508,1,Veg Steam,3,true,50,50
306,1783603259508,4,Platter Steam,6,false,109,109
307,1783603260645,1,Veg Steam,3,true,50,50
308,1783603260663,1,Veg Steam,3,true,50,50
309,1783603260645,4,Platter Steam,6,false,109,109
310,1783603260663,4,Platter Steam,6,false,109,109
311,1783603261803,1,Veg Steam,3,true,50,50
312,1783603261858,1,Veg Steam,3,true,50,50
313,1783603261803,4,Platter Steam,6,false,109,109
314,1783603261858,4,Platter Steam,6,false,109,109
315,1783603263024,1,Veg Steam,3,true,50,50
316,1783603263081,1,Veg Steam,3,true,50,50
317,1783603263024,4,Platter Steam,6,false,109,109
318,1783603263081,4,Platter Steam,6,false,109,109
319,1783603264160,1,Veg Steam,3,true,50,50
320,1783603264160,4,Platter Steam,6,false,109,109
321,1783603264265,1,Veg Steam,3,true,50,50
322,1783603264265,4,Platter Steam,6,false,109,109
323,1783603265284,1,Veg Steam,3,true,50,50
324,1783603265284,4,Platter Steam,6,false,109,109
325,1783603265444,1,Veg Steam,3,true,50,50
326,1783603265444,4,Platter Steam,6,false,109,109
327,1783603266570,1,Veg Steam,3,true,50,50
328,1783603266616,1,Veg Steam,3,true,50,50
329,1783603266570,4,Platter Steam,6,false,109,109
330,1783603266616,4,Platter Steam,6,false,109,109
331,1783603267831,1,Veg Steam,3,true,50,50
332,1783603267837,1,Veg Steam,3,true,50,50
333,1783603267831,4,Platter Steam,6,false,109,109
334,1783603267837,4,Platter Steam,6,false,109,109
335,1783603268676,4,Platter Steam,6,false,109,109
336,1783603268676,3,Cheese Corn Steam,3,true,70,70
337,1783603268971,1,Veg Steam,3,true,50,50
338,1783603269000,1,Veg Steam,3,true,50,50
339,1783603268971,4,Platter Steam,6,false,109,109
340,1783603269000,4,Platter Steam,6,false,109,109
341,1783603270094,1,Veg Steam,3,true,50,50
342,1783603270094,4,Platter Steam,6,false,109,109
343,1783603270187,1,Veg Steam,3,true,50,50
344,1783603270187,4,Platter Steam,6,false,109,109
345,1783603271220,1,Veg Steam,3,true,50,50
346,1783603271220,4,Platter Steam,6,false,109,109
347,1783603271340,1,Veg Steam,3,true,50,50
348,1783603271340,4,Platter Steam,6,false,109,109
349,1783603272345,1,Veg Steam,3,true,50,50
350,1783603272345,4,Platter Steam,6,false,109,109
351,1783603272691,1,Veg Steam,3,true,50,50
352,1783603272691,4,Platter Steam,6,false,109,109
353,1783603273606,1,Veg Steam,3,true,50,50
354,1783603273606,4,Platter Steam,6,false,109,109
355,1783603273768,1,Veg Steam,3,true,50,50
356,1783603273768,4,Platter Steam,6,false,109,109
357,1783603274899,1,Veg Steam,3,true,50,50
358,1783603274892,1,Veg Steam,3,true,50,50
359,1783603274899,4,Platter Steam,6,false,109,109
360,1783603274892,4,Platter Steam,6,false,109,109
361,1783603276089,1,Veg Steam,3,true,50,50
362,1783603276089,4,Platter Steam,6,false,109,109
363,1783603276434,1,Veg Steam,3,true,50,50
364,1783603276434,4,Platter Steam,6,false,109,109
365,1783603277267,1,Veg Steam,3,true,50,50
366,1783603277267,4,Platter Steam,6,false,109,109
367,1783603277597,1,Veg Steam,3,true,50,50
368,1783603277597,4,Platter Steam,6,false,109,109
369,1783603278397,1,Veg Steam,3,true,50,50
370,1783603278397,4,Platter Steam,6,false,109,109
371,1783603278784,1,Veg Steam,3,true,50,50
372,1783603278784,4,Platter Steam,6,false,109,109
373,1783603279648,1,Veg Steam,3,true,50,50
374,1783603279648,4,Platter Steam,6,false,109,109
375,1783603279942,1,Veg Steam,3,true,50,50
376,1783603279942,4,Platter Steam,6,false,109,109
377,1783603280833,1,Veg Steam,3,true,50,50
378,1783603280833,4,Platter Steam,6,false,109,109
379,1783603281155,1,Veg Steam,3,true,50,50
380,1783603281155,4,Platter Steam,6,false,109,109
381,1783603281945,1,Veg Steam,3,true,50,50
382,1783603281945,4,Platter Steam,6,false,109,109
383,1783603282262,1,Veg Steam,3,true,50,50
384,1783603282262,4,Platter Steam,6,false,109,109
385,1783603283111,1,Veg Steam,3,true,50,50
386,1783603283111,4,Platter Steam,6,false,109,109
387,1783603283401,1,Veg Steam,3,true,50,50
388,1783603283401,4,Platter Steam,6,false,109,109
389,1783603284389,1,Veg Steam,3,true,50,50
390,1783603284389,4,Platter Steam,6,false,109,109
391,1783603284504,1,Veg Steam,3,true,50,50
393,1783603284504,4,Platter Steam,6,false,109,109
395,1783603285622,1,Veg Steam,3,true,50,50
396,1783603285648,1,Veg Steam,3,true,50,50
397,1783603285622,4,Platter Steam,6,false,109,109
398,1783603285648,4,Platter Steam,6,false,109,109
399,1783603286754,1,Veg Steam,3,true,50,50
400,1783603286794,1,Veg Steam,3,true,50,50
401,1783603286754,4,Platter Steam,6,false,109,109
402,1783603286794,4,Platter Steam,6,false,109,109
403,1783603287862,1,Veg Steam,3,true,50,50
404,1783603287901,1,Veg Steam,3,true,50,50
405,1783603287862,4,Platter Steam,6,false,109,109
406,1783603287901,4,Platter Steam,6,false,109,109
407,1783603289026,1,Veg Steam,3,true,50,50
408,1783603289036,1,Veg Steam,3,true,50,50
409,1783603289026,4,Platter Steam,6,false,109,109
410,1783603289036,4,Platter Steam,6,false,109,109
411,1783603290269,1,Veg Steam,3,true,50,50
412,1783603290268,1,Veg Steam,3,true,50,50
413,1783603290269,4,Platter Steam,6,false,109,109
414,1783603290268,4,Platter Steam,6,false,109,109
415,1783603291393,1,Veg Steam,3,true,50,50
416,1783603291443,1,Veg Steam,3,true,50,50
417,1783603291393,4,Platter Steam,6,false,109,109
418,1783603291443,4,Platter Steam,6,false,109,109
419,1783603292503,1,Veg Steam,3,true,50,50
420,1783603292547,1,Veg Steam,3,true,50,50
421,1783603292503,4,Platter Steam,6,false,109,109
422,1783603292547,4,Platter Steam,6,false,109,109
423,1783603293627,1,Veg Steam,3,true,50,50
424,1783603293627,4,Platter Steam,6,false,109,109
425,1783603294198,1,Veg Steam,3,true,50,50
426,1783603294198,4,Platter Steam,6,false,109,109
427,1783603297257,1,Veg Steam,3,true,50,50
428,1783603297276,1,Veg Steam,3,true,50,50
429,1783603297257,4,Platter Steam,6,false,109,109
430,1783603297276,4,Platter Steam,6,false,109,109
431,1783603298700,1,Veg Steam,3,true,50,50
432,1783603298758,1,Veg Steam,3,true,50,50
433,1783603298700,4,Platter Steam,6,false,109,109
434,1783603298758,4,Platter Steam,6,false,109,109
435,1783603300683,1,Veg Steam,3,true,50,50
436,1783603300747,1,Veg Steam,3,true,50,50
437,1783603300683,4,Platter Steam,6,false,109,109
438,1783603300747,4,Platter Steam,6,false,109,109
439,1783603301921,1,Veg Steam,3,true,50,50
440,1783603301921,4,Platter Steam,6,false,109,109
441,1783603302025,1,Veg Steam,3,true,50,50
442,1783603302025,4,Platter Steam,6,false,109,109
443,1783603303088,1,Veg Steam,3,true,50,50
444,1783603303088,4,Platter Steam,6,false,109,109
445,1783603303363,1,Veg Steam,3,true,50,50
446,1783603303363,4,Platter Steam,6,false,109,109
447,1783603304265,1,Veg Steam,3,true,50,50
448,1783603304265,4,Platter Steam,6,false,109,109
449,1783603304505,1,Veg Steam,3,true,50,50
450,1783603304505,4,Platter Steam,6,false,109,109
452,1783603305415,1,Veg Steam,3,true,50,50
453,1783603305415,4,Platter Steam,6,false,109,109
454,1783603305621,1,Veg Steam,3,true,50,50
455,1783603305621,4,Platter Steam,6,false,109,109
456,1783603308436,1,Veg Steam,3,true,50,50
457,1783603308451,1,Veg Steam,3,true,50,50
458,1783603308436,4,Platter Steam,6,false,109,109
459,1783603308451,4,Platter Steam,6,false,109,109
460,1783603310041,1,Veg Steam,3,true,50,50
461,1783603310085,1,Veg Steam,3,true,50,50
462,1783603310041,4,Platter Steam,6,false,109,109
463,1783603310085,4,Platter Steam,6,false,109,109
464,1783603311192,1,Veg Steam,3,true,50,50
465,1783603311192,4,Platter Steam,6,false,109,109
466,1783603312605,1,Veg Steam,3,true,50,50
467,1783603312634,1,Veg Steam,3,true,50,50
468,1783603312605,4,Platter Steam,6,false,109,109
469,1783603312634,4,Platter Steam,6,false,109,109
470,1783603314789,1,Veg Steam,3,true,50,50
471,1783603314819,1,Veg Steam,3,true,50,50
472,1783603314789,4,Platter Steam,6,false,109,109
473,1783603314819,4,Platter Steam,6,false,109,109
474,1783603315950,1,Veg Steam,3,true,50,50
475,1783603315950,4,Platter Steam,6,false,109,109
476,1783603316046,1,Veg Steam,3,true,50,50
477,1783603316046,4,Platter Steam,6,false,109,109
478,1783603317113,1,Veg Steam,3,true,50,50
479,1783603317113,4,Platter Steam,6,false,109,109
480,1783603317229,1,Veg Steam,3,true,50,50
481,1783603317229,4,Platter Steam,6,false,109,109
482,1783603318269,1,Veg Steam,3,true,50,50
483,1783603318269,4,Platter Steam,6,false,109,109
484,1783603318361,1,Veg Steam,3,true,50,50
485,1783603318361,4,Platter Steam,6,false,109,109
486,1783603319859,1,Veg Steam,3,true,50,50
487,1783603319878,1,Veg Steam,3,true,50,50
488,1783603319859,4,Platter Steam,6,false,109,109
489,1783603319878,4,Platter Steam,6,false,109,109
490,1783603321016,1,Veg Steam,3,true,50,50
491,1783603321070,1,Veg Steam,3,true,50,50
492,1783603321016,4,Platter Steam,6,false,109,109
493,1783603321070,4,Platter Steam,6,false,109,109
494,1783603322146,1,Veg Steam,3,true,50,50
495,1783603322146,4,Platter Steam,6,false,109,109
496,1783603322269,1,Veg Steam,3,true,50,50
497,1783603322269,4,Platter Steam,6,false,109,109
498,1783603323363,1,Veg Steam,3,true,50,50
499,1783603323395,1,Veg Steam,3,true,50,50
500,1783603323363,4,Platter Steam,6,false,109,109
501,1783603323395,4,Platter Steam,6,false,109,109
502,1783603324535,1,Veg Steam,3,true,50,50
503,1783603324535,4,Platter Steam,6,false,109,109
504,1783603325922,1,Veg Steam,3,true,50,50
505,1783603325922,4,Platter Steam,6,false,109,109
506,1783603371401,1,Veg Steam,6,false,89,89
507,1783603304846,2,Paneer Steam,6,false,109,109
511,1783603284580,2,Paneer Steam,3,true,60,60
512,1783603284580,3,Cheese Corn Steam,3,true,70,70
513,1783603284580,1,Veg Steam,3,true,50,50
514,1783603753976,19,Cheese Corn Nepalese Kothey,6,false,149,149
516,1783603926013,2,Paneer Steam,3,true,60,60
517,1783603763890,4,Platter Steam,6,false,109,109
518,1783603763890,3,Cheese Corn Steam,3,true,70,70
519,1783605452969,2,Paneer Steam,6,false,109,109
521,1783605731021,4,Platter Steam,6,false,109,109
522,1783606095317,3,Cheese Corn Steam,3,true,70,70
523,1783606095317,17,Veg Nepalese Kothey,6,false,129,129
524,1783605725529,4,Platter Steam,6,false,109,109
525,1783606489452,4,Platter Steam,6,false,109,109
526,1783607077697,2,Paneer Steam,6,false,109,109
527,1783607552536,1,Veg Steam,6,false,89,89
528,1783607623248,1,Veg Steam,3,true,50,50
529,1783607631269,3,Cheese Corn Steam,6,false,129,129
530,1783607823386,1,Veg Steam,6,false,89,89
531,1783607823386,21,Veg Pan Fried Gravy,6,false,139,139
532,1783608014190,2,Paneer Steam,6,false,109,109
533,1783608035308,4,Platter Steam,6,false,109,109
535,1783608688520,4,Platter Steam,6,false,109,109
536,1783608690178,3,Cheese Corn Steam,6,false,129,129
537,1783608693111,6,Paneer Fry,6,false,129,129
538,1783608110984,4,Platter Steam,6,false,109,109
539,1783608110984,1,Veg Steam,3,true,50,50
540,1783608110984,3,Cheese Corn Steam,3,true,70,70
541,1783609490298,2,Paneer Steam,6,false,109,109
542,1783609791661,3,Cheese Corn Steam,6,false,129,129
543,1783609791661,2,Paneer Steam,6,false,109,109
544,1783609829301,7,Cheese Corn Fry,6,false,149,149
545,1783610119292,2,Paneer Steam,6,false,109,109
547,1783610128200,1,Veg Steam,6,false,89,89
548,1783610359177,1,Veg Steam,6,false,89,89
549,1783610359177,18,Paneer Nepalese Kothey,6,false,139,139
550,1783610359177,22,Paneer Pan Fried Gravy,6,false,149,149
551,1783611799998,22,Paneer Pan Fried Gravy,6,false,149,149
553,1783612310604,3,Cheese Corn Steam,6,false,129,129
554,1783612310604,1,Veg Steam,6,false,89,89
555,1783612319760,4,Platter Steam,6,false,109,109
559,1783612339452,2,Paneer Steam,12,false,20,218
560,1783612339452,18,Paneer Nepalese Kothey,6,false,139,139
561,1783612051522,1,Veg Steam,3,true,50,50
562,1783612051522,3,Cheese Corn Steam,3,true,70,70
563,1783612051522,4,Platter Steam,6,false,109,109
564,1783613094771,4,Platter Steam,6,false,109,109
565,1783613107883,4,Platter Steam,6,false,109,109
566,1783613839038,12,Platter Creamy,9,false,23,198
567,1783613861434,4,Platter Steam,6,false,109,109
568,1783614512359,2,Paneer Steam,6,false,109,109
569,1783615246412,4,Platter Steam,6,false,109,109
570,1783616517796,3,Cheese Corn Steam,6,false,129,129
571,1783616517796,2,Paneer Steam,3,true,60,60
572,1783617397052,18,Paneer Nepalese Kothey,6,false,139,139
573,1783618085084,1,Veg Steam,3,true,50,50
574,1783618085084,2,Paneer Steam,3,true,60,60
575,1783618105238,2,Paneer Steam,3,true,60,60
576,1783618406812,1,Veg Steam,8,false,17,123
577,1783685743391,1,Veg Steam,12,false,17,178
578,1783685753595,6,Paneer Fry,6,false,129,129
579,1783688897624,1,Veg Steam,3,true,50,50
580,1783688926722,1,Veg Steam,3,true,50,50
581,1783689663921,22,Paneer Pan Fried Gravy,6,false,149,149
582,1783689663921,23,Cheese Corn Pan Fried Gravy,6,false,159,159
583,1783689673807,8,Platter Fry,6,false,129,129
584,1783689955258,3,Cheese Corn Steam,6,false,129,129
585,1783691240661,2,Paneer Steam,3,true,60,60
586,1783691240661,3,Cheese Corn Steam,3,true,70,70
587,1783691249024,8,Platter Fry,6,false,129,129
588,1783691603381,4,Platter Steam,6,false,109,109
590,1783692736967,1,Veg Steam,3,true,50,50
591,1783692736967,2,Paneer Steam,3,true,60,60
594,1783692711461,2,Paneer Steam,3,true,60,60
595,1783692711461,3,Cheese Corn Steam,3,true,70,70
596,1783692878391,2,Paneer Steam,3,true,60,60
597,1783693337387,4,Platter Steam,6,false,109,109
600,1783694256208,4,Platter Steam,6,false,109,109
601,1783693397653,2,Paneer Steam,12,false,20,218
602,1783693397653,1,Veg Steam,6,false,89,89
603,1783693397653,6,Paneer Fry,6,false,129,129
604,1783694327415,2,Paneer Steam,6,false,109,109
605,1783694575487,2,Paneer Steam,6,false,109,109
606,1783694594597,2,Paneer Steam,6,false,109,109
607,1783694859450,4,Platter Steam,9,false,20,169
608,1783695287950,1,Veg Steam,3,true,50,50
609,1783695529671,2,Paneer Steam,6,false,109,109
610,1783695536432,1,Veg Steam,6,false,89,89
611,1783695804212,2,Paneer Steam,6,false,109,109
612,1783695804212,1,Veg Steam,6,false,89,89
613,1783696749433,4,Platter Steam,12,false,20,218
614,1783696753810,1,Veg Steam,6,false,89,89
615,1783696762748,10,Paneer Creamy,6,false,129,129
616,1783696857221,6,Paneer Fry,3,true,70,70
617,1783696857221,7,Cheese Corn Fry,3,true,80,80
618,1783697288287,2,Paneer Steam,6,false,109,109
619,1783697288287,3,Cheese Corn Steam,3,true,70,70
620,1783697297475,2,Paneer Steam,6,false,109,109
621,1783697321453,2,Paneer Steam,6,false,109,109
622,1783697321453,1,Veg Steam,6,false,89,89
623,1783698189153,2,Paneer Steam,6,false,109,109
624,1783698191808,4,Platter Steam,6,false,109,109
626,1783698209490,1,Veg Steam,9,false,17,140
627,1783699110396,4,Platter Steam,6,false,109,109
628,1783699110396,2,Paneer Steam,3,true,60,60
629,1783699117835,7,Cheese Corn Fry,6,false,149,149
630,1783699117835,4,Platter Steam,6,false,109,109
631,1783699129929,2,Paneer Steam,6,false,109,109
632,1783699140582,2,Paneer Steam,3,true,60,60
633,1783699415629,2,Paneer Steam,6,false,109,109
634,1783699619024,4,Platter Steam,12,false,20,218
635,1783701154307,2,Paneer Steam,6,false,109,109
636,1783701165655,2,Paneer Steam,3,true,60,60
637,1783701289048,2,Paneer Steam,6,false,109,109
638,1783701849004,6,Paneer Fry,6,false,129,129
639,1783701861620,1,Veg Steam,6,false,89,89
640,1783701867450,1,Veg Steam,6,false,89,89
641,1783702629714,2,Paneer Steam,3,true,60,60
642,1783703132773,2,Paneer Steam,6,false,109,109
645,1783703156901,2,Paneer Steam,6,false,109,109
646,1783704111698,7,Cheese Corn Fry,6,false,149,149
647,1783772966125,4,Platter Steam,6,false,109,109
648,1783772974367,1,Veg Steam,6,false,89,89
649,1783772974367,2,Paneer Steam,6,false,109,109
650,1783773350883,2,Paneer Steam,6,false,109,109
651,1783773833154,1,Veg Steam,6,false,89,89
652,1783773834768,6,Paneer Fry,3,true,70,70
653,1783773834768,7,Cheese Corn Fry,3,true,80,80
654,1783773836026,2,Paneer Steam,6,false,109,109
655,1783774721652,2,Paneer Steam,6,false,109,109
656,1783775383587,2,Paneer Steam,6,false,109,109
657,1783776344334,4,Platter Steam,6,false,109,109
658,1783776348314,4,Platter Steam,6,false,109,109
659,1783776352616,1,Veg Steam,6,false,89,89
660,1783776376607,2,Paneer Steam,3,true,60,60
661,1783776586860,5,Veg Fry,6,false,109,109
663,1783776626598,3,Cheese Corn Steam,18,true,23,387
664,1783776626598,2,Paneer Steam,6,false,109,109
665,1783777544669,1,Veg Steam,12,true,17,178
666,1783777644504,2,Paneer Steam,3,true,60,60
667,1783777644504,3,Cheese Corn Steam,3,true,70,70
668,1783777671735,1,Veg Steam,6,false,89,89
669,1783777671735,2,Paneer Steam,6,false,109,109
670,1783778317109,2,Paneer Steam,6,false,109,109
671,1783778328143,2,Paneer Steam,6,false,109,109
672,1783778336625,7,Cheese Corn Fry,6,false,149,149
673,1783779364131,4,Platter Steam,6,false,109,109
674,1783779364131,2,Paneer Steam,6,false,109,109
675,1783779371409,1,Veg Steam,6,false,89,89
676,1783779390453,4,Platter Steam,6,false,109,109
677,1783779563917,1,Veg Steam,6,false,89,89
678,1783779572099,2,Paneer Steam,6,false,109,109
679,1783779734869,1,Veg Steam,6,false,89,89
684,1783779968551,1,Veg Steam,3,true,50,50
685,1783780300463,2,Paneer Steam,6,false,109,109
686,1783780342136,1,Veg Steam,6,false,89,89
687,1783779787100,3,Cheese Corn Steam,10,false,23,221
688,1783779787100,2,Paneer Steam,1,false,20,20
689,1783779787100,1,Veg Steam,1,false,17,17
690,1783779787100,4,Platter Steam,6,false,109,109
691,1783781214526,1,Veg Steam,3,true,50,50
692,1783781214526,2,Paneer Steam,3,true,60,60
693,1783781259165,7,Cheese Corn Fry,6,false,149,149
694,1783781307744,4,Platter Steam,6,false,109,109
695,1783781373161,18,Paneer Nepalese Kothey,6,false,139,139
696,1783781373161,2,Paneer Steam,6,false,109,109
697,1783781373161,3,Cheese Corn Steam,6,false,129,129
699,1783781894814,2,Paneer Steam,3,true,60,60
700,1783781894814,23,Cheese Corn Pan Fried Gravy,6,false,159,159
701,1783782131547,2,Paneer Steam,6,false,109,109
702,1783782131547,1,Veg Steam,6,false,89,89
706,1783783111714,1,Veg Steam,3,true,50,50
707,1783783111714,21,Veg Pan Fried Gravy,3,true,75,75
708,1783783111714,22,Paneer Pan Fried Gravy,3,true,80,80
709,1783783074570,1,Veg Steam,12,true,17,178
710,1783783074570,3,Cheese Corn Steam,6,false,129,129
711,1783783074570,2,Paneer Steam,6,false,109,109
712,1783783089233,2,Paneer Steam,6,false,109,109
713,1783783817333,2,Paneer Steam,6,false,109,109
714,1783783817333,1,Veg Steam,6,false,89,89
715,1783783818722,1,Veg Steam,3,true,50,50
716,1783783819831,3,Cheese Corn Steam,6,false,129,129
717,1783783820812,3,Cheese Corn Steam,6,false,129,129
718,1783783821808,18,Paneer Nepalese Kothey,6,false,139,139
719,1783783821808,2,Paneer Steam,6,false,109,109
720,1783783821808,3,Cheese Corn Steam,6,false,129,129
721,1783783828132,2,Paneer Steam,6,false,109,109
722,1783783893652,1,Veg Steam,9,true,17,140
723,1783783893652,2,Paneer Steam,3,true,60,60
725,1783784389084,2,Paneer Steam,6,false,109,109
726,1783784389084,22,Paneer Pan Fried Gravy,6,false,149,149
727,1783785393843,6,Paneer Fry,6,false,129,129
729,1783785572401,2,Paneer Steam,6,false,109,109
730,1783786153680,2,Paneer Steam,12,true,20,218
731,1783786161081,2,Paneer Steam,6,false,109,109
732,1783786453018,2,Paneer Steam,6,false,109,109
733,1783786459439,2,Paneer Steam,6,false,109,109
734,1783787072372,1,Veg Steam,2,false,17,34
735,1783787072372,2,Paneer Steam,4,false,20,80
736,1783787287476,2,Paneer Steam,6,false,109,109
737,1783787288683,2,Paneer Steam,6,true,20,109
738,1783787288683,8,Platter Fry,6,false,129,129
739,1783787289961,2,Paneer Steam,6,false,109,109
740,1783787289961,6,Paneer Fry,6,false,129,129
741,1783787718973,2,Paneer Steam,6,false,109,109
742,1783787731385,2,Paneer Steam,3,true,60,60
743,1783788514539,2,Paneer Steam,6,false,109,109
744,1783860746261,1,Veg Steam,6,false,89,89
745,1783860746261,2,Paneer Steam,6,false,109,109
746,1783860748170,2,Paneer Steam,3,true,60,60
747,1783860753311,2,Paneer Steam,6,false,109,109
748,1783860982920,7,Cheese Corn Fry,6,false,149,149
749,1783860999855,10,Paneer Creamy,6,false,129,129
750,1783861302585,1,Veg Steam,6,false,89,89
751,1783863730272,6,Paneer Fry,6,false,129,129
752,1783864207284,4,Platter Steam,6,false,109,109
756,1783864725089,2,Paneer Steam,6,false,109,109
760,1783864429961,3,Cheese Corn Steam,18,false,23,387
761,1783864429961,7,Cheese Corn Fry,3,true,80,80
762,1783864429961,6,Paneer Fry,3,true,70,70
763,1783865443413,1,Veg Steam,6,false,89,89
764,1783865455176,12,Platter Creamy,6,false,129,129
765,1783865616119,2,Paneer Steam,3,true,60,60
766,1783865642444,2,Paneer Steam,6,false,109,109
769,1783866000357,2,Paneer Steam,6,false,109,109
770,1783866000357,22,Paneer Pan Fried Gravy,6,false,149,149
771,1783866336765,2,Paneer Steam,6,false,109,109
772,1783866649860,4,Platter Steam,6,false,109,109
773,1783867067437,1,Veg Steam,5,false,17,75
774,1783867067437,3,Cheese Corn Steam,1,false,23,23
775,1783867760023,2,Paneer Steam,6,false,109,109
776,1783867764083,2,Paneer Steam,6,false,109,109
777,1783868193161,2,Paneer Steam,6,false,109,109
778,1783868502317,4,Platter Steam,6,false,109,109
779,1783868510071,1,Veg Steam,3,true,50,50
780,1783869178551,1,Veg Steam,6,false,89,89
782,1783869182427,2,Paneer Steam,6,false,109,109
783,1783869182427,1,Veg Steam,6,false,89,89
786,1783869367244,1,Veg Steam,33,true,17,496
787,1783869360406,4,Platter Steam,6,false,109,109
788,1783869360406,2,Paneer Steam,6,false,109,109
789,1783870054040,1,Veg Steam,3,true,50,50
790,1783870109964,6,Paneer Fry,6,false,129,129
791,1783870620474,3,Cheese Corn Steam,3,true,70,70
792,1783870837552,2,Paneer Steam,6,false,109,109
794,1783870841850,2,Paneer Steam,2,false,20,40
795,1783870841850,3,Cheese Corn Steam,4,false,23,92
796,1783871226925,2,Paneer Steam,9,true,20,169
797,1783871390523,2,Paneer Steam,6,false,109,109
798,1783871791475,4,Platter Steam,6,false,109,109
805,1783872620775,1,Veg Steam,6,false,89,89
806,1783872621148,1,Veg Steam,6,false,89,89
807,1783872622508,1,Veg Steam,3,true,50,50
808,1783872622879,1,Veg Steam,3,true,50,50
809,1783872624149,2,Paneer Steam,6,false,109,109
810,1783872624496,2,Paneer Steam,6,false,109,109
811,1783872625285,2,Paneer Steam,6,false,109,109
812,1783872625525,2,Paneer Steam,6,false,109,109
813,1783872627057,4,Platter Steam,6,false,109,109
814,1783872627146,4,Platter Steam,6,false,109,109
815,1783872628175,23,Cheese Corn Pan Fried Gravy,6,false,159,159
816,1783872628177,23,Cheese Corn Pan Fried Gravy,6,false,159,159
817,1783871883450,4,Platter Steam,6,false,109,109
818,1783871883450,3,Cheese Corn Steam,4,false,23,92
819,1783871883450,1,Veg Steam,8,false,17,123
820,1783872853013,1,Veg Steam,6,false,89,89
821,1783945891878,8,Platter Fry,6,false,129,129
822,1783945891878,20,Platter Nepalese Kothey,6,false,139,139
823,1783947330643,2,Paneer Steam,3,true,60,60
824,1783948979254,1,Veg Steam,6,false,89,89
825,1783949287283,1,Veg Steam,3,true,50,50
826,1783949299613,2,Paneer Steam,12,true,20,218
827,1783950176748,1,Veg Steam,6,false,89,89
828,1783951014406,1,Veg Steam,7,false,17,106
829,1783951014406,3,Cheese Corn Steam,2,false,23,46
831,1783951460014,1,Veg Steam,6,false,89,89
833,1783951677833,4,Platter Steam,6,false,109,109
834,1783951028479,4,Platter Steam,12,true,20,218
835,1783951028479,3,Cheese Corn Steam,2,false,23,46
836,1783953062176,17,Veg Nepalese Kothey,6,false,129,129
837,1783953817966,23,Cheese Corn Pan Fried Gravy,6,false,159,159
838,1783953821854,4,Platter Steam,6,false,109,109
839,1783955168637,2,Paneer Steam,6,false,109,109
840,1783956831483,1,Veg Steam,6,false,89,89
841,1783957185436,2,Paneer Steam,6,false,109,109
842,1783957282962,1,Veg Steam,3,true,50,50
843,1783957282962,3,Cheese Corn Steam,3,true,70,70
844,1783957465905,1,Veg Steam,3,true,50,50
845,1783957711052,1,Veg Steam,3,true,50,50
846,1783958156298,1,Veg Steam,6,false,89,89
849,1783958170392,6,Paneer Fry,6,false,129,129
850,1783958170392,2,Paneer Steam,3,true,60,60
851,1783958701322,2,Paneer Steam,6,false,109,109
852,1783958939990,1,Veg Steam,6,false,89,89
853,1783959383552,3,Cheese Corn Steam,6,false,129,129
854,1783959868066,2,Paneer Steam,6,false,109,109
855,1783959891770,7,Cheese Corn Fry,6,false,149,149
856,1783960250603,1,Veg Steam,6,false,89,89
857,1783960264475,2,Paneer Steam,6,false,109,109
858,1783960660730,7,Cheese Corn Fry,4,false,27,108
859,1783960708693,4,Platter Steam,6,false,109,109
860,1783962181974,2,Paneer Steam,6,false,109,109
861,1783962187844,2,Paneer Steam,6,false,109,109
862,1784030774407,1,Veg Steam,6,false,89,89
863,1784030787874,7,Cheese Corn Fry,6,false,149,149
864,1784030809905,2,Paneer Steam,6,false,109,109
865,1784030833239,2,Paneer Steam,6,false,109,109
866,1784031482143,1,Veg Steam,3,true,50,50
867,1784031489446,1,Veg Steam,3,true,50,50
868,1784031674357,2,Paneer Steam,6,false,109,109
869,1784033226259,2,Paneer Steam,12,true,20,218
870,1784033226259,1,Veg Steam,6,false,89,89
871,1784033230724,2,Paneer Steam,6,false,109,109
872,1784033244167,2,Paneer Steam,3,true,60,60
873,1784033244167,3,Cheese Corn Steam,3,true,70,70
874,1784033695775,4,Platter Steam,6,false,109,109
875,1784033716893,1,Veg Steam,12,false,17,178
876,1784034085878,2,Paneer Steam,6,false,109,109
877,1784034641705,22,Paneer Pan Fried Gravy,4,false,27,108
878,1784034997856,6,Paneer Fry,6,false,129,129
879,1784034997856,1,Veg Steam,7,false,17,106
880,1784035006186,4,Platter Steam,6,false,109,109
882,1784035560086,22,Paneer Pan Fried Gravy,6,false,149,149
883,1784035595122,4,Platter Steam,6,false,109,109
884,1784035424523,9,Veg Creamy,3,true,60,60
886,1784036948281,1,Veg Steam,12,true,17,178
887,1784036952620,2,Paneer Steam,6,false,109,109
888,1784036942641,9,Veg Creamy,3,true,60,60
889,1784038379190,1,Veg Steam,6,false,89,89
890,1784038403929,3,Cheese Corn Steam,3,true,70,70
891,1784038425628,4,Platter Steam,6,false,109,109
892,1784038640061,12,Platter Creamy,6,false,129,129
893,1784038640061,1,Veg Steam,6,false,89,89
894,1784038640061,2,Paneer Steam,6,false,109,109
895,1784038857700,12,Platter Creamy,6,false,129,129
896,1784038857700,1,Veg Steam,6,false,89,89
897,1784038857700,2,Paneer Steam,6,false,109,109
899,1784039080365,2,Paneer Steam,6,false,109,109
900,1784038860173,2,Paneer Steam,6,false,109,109
901,1784038860173,1,Veg Steam,3,true,50,50
902,1784039318538,1,Veg Steam,6,false,89,89
903,1784039620448,2,Paneer Steam,3,true,60,60
904,1784039628309,5,Veg Fry,6,false,109,109
905,1784039828810,1,Veg Steam,6,false,89,89
906,1784039836589,6,Paneer Fry,6,false,129,129
907,1784040104658,1,Veg Steam,3,true,50,50
908,1784041028889,2,Paneer Steam,6,false,109,109
910,1784041398922,2,Paneer Steam,3,true,60,60
911,1784041389896,2,Paneer Steam,6,false,109,109
912,1784041389896,18,Paneer Nepalese Kothey,3,true,75,75
913,1784041389896,19,Cheese Corn Nepalese Kothey,3,true,80,80
914,1784041897717,1,Veg Steam,6,false,89,89
915,1784041992805,19,Cheese Corn Nepalese Kothey,6,false,149,149
916,1784042854723,4,Platter Steam,9,true,20,169
917,1784043123578,2,Paneer Steam,3,true,60,60
918,1784045052325,1,Veg Steam,6,false,89,89
919,1784045310296,1,Veg Steam,3,true,50,50
920,1784045534377,2,Paneer Steam,3,true,60,60
921,1784045534377,1,Veg Steam,3,true,50,50
922,1784045847026,22,Paneer Pan Fried Gravy,6,false,149,149
923,1784047265661,2,Paneer Steam,6,false,109,109
924,1784047265661,4,Platter Steam,6,false,109,109
925,1784047482056,3,Cheese Corn Steam,6,false,129,129
926,1784047504136,3,Cheese Corn Steam,6,false,129,129
927,1784047747972,19,Cheese Corn Nepalese Kothey,6,false,149,149
928,1784048774086,2,Paneer Steam,3,true,60,60
929,1784048774086,1,Veg Steam,2,false,17,34
930,1784049386335,2,Paneer Steam,6,false,109,109
931,1784050346575,18,Paneer Nepalese Kothey,6,false,139,139
932,1784050842141,1,Veg Steam,6,false,89,89
933,1784119872201,4,Platter Steam,6,false,109,109
934,1784120223706,2,Paneer Steam,6,false,109,109
935,1784121174370,2,Paneer Steam,6,false,109,109
936,1784121180830,1,Veg Steam,6,false,89,89
937,1784121180830,2,Paneer Steam,6,false,109,109
938,1784121495489,1,Veg Steam,12,false,17,178
939,1784121509662,1,Veg Steam,12,false,17,178
940,1784121509662,3,Cheese Corn Steam,12,false,23,258
941,1784122072464,4,Platter Steam,6,false,109,109
942,1784122375604,8,Platter Fry,6,false,129,129
943,1784122861716,2,Paneer Steam,6,false,109,109
944,1784123101109,1,Veg Steam,6,false,89,89
945,1784123277126,20,Platter Nepalese Kothey,6,false,139,139
946,1784123287395,23,Cheese Corn Pan Fried Gravy,6,false,159,159
947,1784123962509,1,Veg Steam,6,false,89,89
948,1784124109357,1,Veg Steam,6,false,89,89
949,1784124109357,24,Platter Pan Fried Gravy,6,false,149,149
950,1784124237392,7,Cheese Corn Fry,6,false,149,149
953,1784125084164,4,Platter Steam,6,false,109,109
955,1784125049567,4,Platter Steam,6,false,109,109
957,1784125734445,1,Veg Steam,3,true,50,50
959,1784125050926,4,Platter Steam,12,false,20,218
960,1784125766326,4,Platter Steam,6,false,109,109
961,1784125766326,3,Cheese Corn Steam,3,true,70,70
962,1784126588313,2,Paneer Steam,6,false,109,109
964,1784127070748,2,Paneer Steam,6,false,109,109
965,1784127252769,24,Platter Pan Fried Gravy,12,false,27,298
969,1784128106347,2,Paneer Steam,12,false,20,218
970,1784128143486,1,Veg Steam,6,false,89,89
971,1784128246375,2,Paneer Steam,6,false,109,109
972,1784128426447,1,Veg Steam,7,false,17,106
973,1784127758679,17,Veg Nepalese Kothey,6,false,129,129
974,1784127758679,1,Veg Steam,4,false,17,68
975,1784127758679,4,Platter Steam,2,false,20,40
976,1784128966766,4,Platter Steam,6,false,109,109
977,1784128984660,2,Paneer Steam,6,false,109,109
978,1784129018276,1,Veg Steam,6,false,89,89
979,1784129018276,17,Veg Nepalese Kothey,6,false,129,129
980,1784129321472,2,Paneer Steam,6,false,109,109
981,1784129525097,2,Paneer Steam,6,false,109,109
982,1784129810577,2,Paneer Steam,8,false,20,149
983,1784129810577,3,Cheese Corn Steam,4,false,23,92
984,1784131935339,6,Paneer Fry,6,false,129,129
985,1784131935339,2,Paneer Steam,12,false,20,218
986,1784131961399,2,Paneer Steam,4,false,20,80
987,1784131961399,3,Cheese Corn Steam,2,false,23,46
988,1784132143136,2,Paneer Steam,3,true,60,60
989,1784132363311,19,Cheese Corn Nepalese Kothey,6,false,149,149
990,1784132605811,2,Paneer Steam,12,false,20,218
991,1784132605811,3,Cheese Corn Steam,3,true,70,70
992,1784134695495,22,Paneer Pan Fried Gravy,6,false,149,149
994,1784134708816,2,Paneer Steam,12,false,20,218
995,1784135264817,2,Paneer Steam,6,false,109,109
996,1784135629366,2,Paneer Steam,3,true,60,60
997,1784137051216,2,Paneer Steam,2,false,20,40
998,1784204980365,1,Veg Steam,3,true,50,50
999,1784204980365,22,Paneer Pan Fried Gravy,6,false,149,149
1000,1784205634660,4,Platter Steam,12,false,20,218
1001,1784205634660,2,Paneer Steam,2,false,20,40
1002,1784205634660,3,Cheese Corn Steam,4,false,23,92
1003,1784206259649,1,Veg Steam,6,false,89,89
1004,1784207918575,1,Veg Steam,6,false,89,89
1005,1784208245170,4,Platter Steam,6,false,109,109
1006,1784208815425,2,Paneer Steam,6,false,109,109
1007,1784209620158,3,Cheese Corn Steam,5,false,23,110
1008,1784209620158,2,Paneer Steam,1,false,20,20
1009,1784210051676,1,Veg Steam,12,false,17,178
1010,1784210226372,2,Paneer Steam,3,true,60,60
1011,1784212633636,4,Platter Steam,6,false,109,109
1012,1784212888661,2,Paneer Steam,3,true,60,60
1013,1784213383280,4,Platter Steam,6,false,109,109
1014,1784213791975,4,Platter Steam,6,false,109,109
1015,1784215136940,2,Paneer Steam,3,true,60,60
1016,1784215136940,1,Veg Steam,3,true,50,50
1017,1784215362187,2,Paneer Steam,6,false,109,109
1018,1784215375961,2,Paneer Steam,3,true,60,60
1019,1784215385134,2,Paneer Steam,3,true,60,60
1020,1784215985585,1,Veg Steam,6,false,89,89
1021,1784216012549,4,Platter Steam,6,false,109,109
1022,1784216024679,2,Paneer Steam,6,false,109,109
1023,1784216476931,4,Platter Steam,6,false,109,109
1024,1784216757292,2,Paneer Steam,6,false,109,109
1025,1784216763968,2,Paneer Steam,6,false,109,109
1026,1784217460872,4,Platter Steam,6,false,109,109
1027,1784217478648,2,Paneer Steam,3,true,60,60
1028,1784217987794,3,Cheese Corn Steam,4,false,23,92
1029,1784218249573,4,Platter Steam,6,false,109,109
1030,1784218527680,17,Veg Nepalese Kothey,6,false,129,129
1031,1784218533759,17,Veg Nepalese Kothey,6,false,129,129
1032,1784218598405,18,Paneer Nepalese Kothey,6,false,139,139
1035,1784218737229,1,Veg Steam,6,false,89,89
1036,1784218737229,2,Paneer Steam,6,false,109,109
1037,1784218737229,17,Veg Nepalese Kothey,3,true,70,70
1038,1784218737229,18,Paneer Nepalese Kothey,3,true,75,75
1039,1784218985170,4,Platter Steam,6,false,109,109
1040,1784219286211,2,Paneer Steam,6,false,109,109
1041,1784219723459,4,Platter Steam,6,false,109,109
1042,1784219788824,4,Platter Steam,6,false,109,109
1043,1784219791410,2,Paneer Steam,3,true,60,60
1044,1784219795582,4,Platter Steam,6,false,109,109
1045,1784220283665,4,Platter Steam,6,false,109,109
1046,1784220304597,3,Cheese Corn Steam,6,false,129,129
1047,1784220311119,6,Paneer Fry,6,false,129,129
1048,1784220678567,4,Platter Steam,6,false,109,109
1049,1784220904925,4,Platter Steam,6,false,109,109
1053,1784221210783,3,Cheese Corn Steam,6,false,129,129
1054,1784221219430,1,Veg Steam,6,false,89,89
1055,1784221443466,3,Cheese Corn Steam,3,true,70,70
1056,1784221443466,2,Paneer Steam,3,true,60,60
1057,1784220923260,4,Platter Steam,6,false,109,109
1058,1784220923260,1,Veg Steam,6,false,89,89
1059,1784220910212,4,Platter Steam,12,false,20,218
1060,1784220910212,7,Cheese Corn Fry,6,false,149,149
1061,1784220910212,2,Paneer Steam,3,true,60,60
1062,1784220910212,3,Cheese Corn Steam,3,true,70,70
1063,1784221990870,2,Paneer Steam,3,true,60,60
1064,1784222232859,8,Platter Fry,6,false,129,129
1065,1784222436822,3,Cheese Corn Steam,6,false,129,129
1066,1784225476273,3,Cheese Corn Steam,6,false,129,129
1067,1784291109921,2,Paneer Steam,6,false,109,109
1068,1784291114498,2,Paneer Steam,6,false,109,109
1070,1784292068549,4,Platter Steam,6,false,109,109
1071,1784292055990,4,Platter Steam,6,false,109,109
1072,1784292055990,5,Veg Fry,6,false,109,109
1073,1784293075954,4,Platter Steam,6,false,109,109
1074,1784293545163,1,Veg Steam,6,false,89,89
1075,1784293545163,3,Cheese Corn Steam,6,false,129,129
1076,1784293927801,4,Platter Steam,6,false,109,109
1077,1784293979977,4,Platter Steam,6,false,109,109
1078,1784293979977,2,Paneer Steam,6,false,109,109
1079,1784293979977,6,Paneer Fry,3,true,70,70
1080,1784293979977,17,Veg Nepalese Kothey,6,false,129,129
1081,1784295040675,2,Paneer Steam,6,false,109,109
1082,1784296825676,1,Veg Steam,9,true,17,140
1083,1784297117670,1,Veg Steam,6,false,89,89
1084,1784297117670,5,Veg Fry,6,false,109,109
1085,1784297461580,1,Veg Steam,6,false,89,89
1086,1784297461580,4,Platter Steam,6,false,109,109
1087,1784297805667,4,Platter Steam,6,false,109,109
1088,1784297821002,2,Paneer Steam,6,false,109,109
1089,1784297827677,7,Cheese Corn Fry,6,false,149,149
1090,1784298250722,20,Platter Nepalese Kothey,6,false,139,139
1091,1784298696699,2,Paneer Steam,6,false,109,109
1092,1784299050398,20,Platter Nepalese Kothey,6,false,139,139
1093,1784299344212,4,Platter Steam,6,false,109,109
1094,1784299346959,2,Paneer Steam,6,false,109,109
1095,1784299778802,2,Paneer Steam,3,true,60,60
1096,1784300381112,2,Paneer Steam,6,false,109,109
1097,1784300384953,4,Platter Steam,6,false,109,109
1098,1784300692752,6,Paneer Fry,6,false,129,129
1099,1784300956517,2,Paneer Steam,6,false,109,109
1100,1784302021019,1,Veg Steam,6,false,89,89
1101,1784302023263,2,Paneer Steam,3,true,60,60
1102,1784302031042,4,Platter Steam,6,false,109,109
1103,1784302738300,1,Veg Steam,6,false,89,89
1104,1784303196310,2,Paneer Steam,6,false,109,109
1105,1784303196310,7,Cheese Corn Fry,6,false,149,149
1106,1784303417006,2,Paneer Steam,12,false,20,218
1107,1784303456678,4,Platter Steam,6,false,109,109
1108,1784303835446,2,Paneer Steam,6,false,109,109
1109,1784304189480,1,Veg Steam,6,false,89,89
1110,1784305981309,2,Paneer Steam,3,true,60,60
1111,1784305981309,3,Cheese Corn Steam,3,true,70,70
1112,1784306202544,2,Paneer Steam,3,true,60,60
1113,1784306204312,2,Paneer Steam,6,false,109,109
1114,1784306204312,7,Cheese Corn Fry,6,false,149,149
1115,1784306208337,7,Cheese Corn Fry,6,false,149,149
1116,1784306218951,2,Paneer Steam,6,false,109,109
1117,1784307465681,2,Paneer Steam,6,false,109,109
1118,1784307470588,3,Cheese Corn Steam,6,false,129,129
1119,1784307478419,2,Paneer Steam,6,false,109,109
1120,1784308578907,2,Paneer Steam,9,true,20,169
1121,1784308578907,3,Cheese Corn Steam,3,true,70,70
1122,1784308796278,3,Cheese Corn Steam,6,false,129,129
1123,1784376179654,1,Veg Steam,6,false,89,89
1124,1784376179654,2,Paneer Steam,6,false,109,109
1125,1784376179654,3,Cheese Corn Steam,6,false,129,129
1126,1784377292241,2,Paneer Steam,3,true,60,60
1127,1784377299625,1,Veg Steam,3,true,50,50
1128,1784377767061,1,Veg Steam,6,false,89,89
1129,1784377781863,22,Paneer Pan Fried Gravy,6,false,149,149
1130,1784377781863,23,Cheese Corn Pan Fried Gravy,6,false,159,159
1131,1784379136482,2,Paneer Steam,6,false,109,109
1132,1784379136482,1,Veg Steam,6,false,89,89
1133,1784379814411,3,Cheese Corn Steam,6,false,129,129
1134,1784379814411,6,Paneer Fry,6,false,129,129
1135,1784379873038,1,Veg Steam,6,false,89,89
1136,1784379873038,2,Paneer Steam,6,false,109,109
1137,1784379888523,2,Paneer Steam,6,false,109,109
1138,1784380036020,1,Veg Steam,6,false,89,89
1139,1784380036020,2,Paneer Steam,6,false,109,109
1140,1784380060363,3,Cheese Corn Steam,6,false,129,129
1141,1784380060363,6,Paneer Fry,6,false,129,129
1142,1784380068902,2,Paneer Steam,6,false,109,109
1143,1784380353340,1,Veg Steam,6,false,89,89
1144,1784380943923,20,Platter Nepalese Kothey,6,false,139,139
1145,1784381077714,1,Veg Steam,6,false,89,89
1146,1784381228256,11,Cheese Corn Creamy,3,true,80,80
1147,1784381669617,10,Paneer Creamy,6,false,129,129
1148,1784381669617,7,Cheese Corn Fry,6,false,149,149
1149,1784382030085,1,Veg Steam,3,true,50,50
1150,1784382036474,1,Veg Steam,6,false,89,89
1151,1784382120865,2,Paneer Steam,3,true,60,60
1152,1784382972774,20,Platter Nepalese Kothey,6,false,139,139
1154,1784383260872,15,Cheese Corn Creamy Fry,6,false,169,169
1155,1784383185122,11,Cheese Corn Creamy,6,false,149,149
1156,1784383471936,7,Cheese Corn Fry,6,false,149,149
1157,1784383590102,20,Platter Nepalese Kothey,6,false,139,139
1158,1784384125475,20,Platter Nepalese Kothey,6,false,139,139
1159,1784384125475,23,Cheese Corn Pan Fried Gravy,6,false,159,159
1160,1784384221003,4,Platter Steam,6,false,109,109
1161,1784384819077,1,Veg Steam,6,false,89,89
1163,1784384922550,2,Paneer Steam,3,true,60,60
1164,1784384922550,1,Veg Steam,6,false,89,89
1165,1784385151725,1,Veg Steam,6,false,89,89
1166,1784385151725,4,Platter Steam,6,false,109,109
1168,1784385334693,1,Veg Steam,3,false,17,51
1169,1784385334693,2,Paneer Steam,3,false,20,60
1170,1784385697738,2,Paneer Steam,6,false,109,109
1171,1784386030208,4,Platter Steam,6,false,109,109
1172,1784386064017,2,Paneer Steam,6,false,109,109
1173,1784386064017,1,Veg Steam,6,false,89,89
1174,1784386923639,3,Cheese Corn Steam,6,false,129,129
1175,1784386923639,18,Paneer Nepalese Kothey,6,false,139,139
1176,1784386933024,2,Paneer Steam,3,true,60,60
1177,1784386933024,1,Veg Steam,3,true,50,50
1178,1784386952616,3,Cheese Corn Steam,4,false,23,92
1179,1784386952616,2,Paneer Steam,2,false,20,40
1181,1784387440139,3,Cheese Corn Steam,6,false,129,129
1182,1784387353813,4,Platter Steam,6,false,109,109
1184,1784387687714,4,Platter Steam,6,false,109,109
1185,1784387991402,2,Paneer Steam,3,true,60,60
1186,1784388218197,20,Platter Nepalese Kothey,6,false,139,139
1187,1784388398947,2,Paneer Steam,6,false,109,109
1188,1784388398947,1,Veg Steam,6,false,89,89
1189,1784388890386,2,Paneer Steam,6,false,109,109
1190,1784388917774,1,Veg Steam,18,false,17,267
1191,1784388942487,2,Paneer Steam,3,true,60,60
1192,1784389000320,1,Veg Steam,3,true,50,50
1193,1784389702095,3,Cheese Corn Steam,3,true,70,70
1195,1784389718253,4,Platter Steam,6,false,109,109
1196,1784389928921,2,Paneer Steam,6,false,109,109
1197,1784389953322,2,Paneer Steam,3,true,60,60
1199,1784390637359,6,Paneer Fry,6,false,129,129
1200,1784390874592,2,Paneer Steam,6,false,109,109
1201,1784390953091,19,Cheese Corn Nepalese Kothey,6,false,149,149
1204,1784390606422,2,Paneer Steam,19,false,20,347
1205,1784390606422,3,Cheese Corn Steam,5,false,23,110
1206,1784391083047,3,Cheese Corn Steam,6,false,129,129
1207,1784391721468,18,Paneer Nepalese Kothey,6,false,139,139
1208,1784391721468,19,Cheese Corn Nepalese Kothey,6,false,149,149
1209,1784392276174,1,Veg Steam,3,true,50,50
1211,1784392290051,3,Cheese Corn Steam,6,false,129,129
1212,1784392819669,18,Paneer Nepalese Kothey,6,false,139,139
1213,1784393546204,2,Paneer Steam,5,false,20,90
1214,1784393546204,1,Veg Steam,1,false,17,17
1215,1784393793790,22,Paneer Pan Fried Gravy,6,false,149,149
1216,1784394770407,3,Cheese Corn Steam,4,false,23,92
1217,1784394796304,2,Paneer Steam,6,false,109,109
1218,1784463649324,1,Veg Steam,3,true,50,50
1219,1784463656971,4,Platter Steam,6,false,109,109
1220,1784463656971,3,Cheese Corn Steam,6,false,129,129
1221,1784463963458,2,Paneer Steam,6,false,109,109
1222,1784465305389,1,Veg Steam,6,false,89,89
1223,1784465568437,10,Paneer Creamy,6,false,129,129
1224,1784465578189,1,Veg Steam,6,false,89,89
1226,1784466547683,5,Veg Fry,6,false,109,109
1227,1784466125249,6,Paneer Fry,6,false,129,129
1228,1784466125249,2,Paneer Steam,12,false,20,218
1230,1784467118242,2,Paneer Steam,6,false,109,109
1231,1784467186272,2,Paneer Steam,3,true,60,60
1232,1784467567833,2,Paneer Steam,6,false,109,109
1233,1784467113178,7,Cheese Corn Fry,6,false,149,149
1234,1784467113178,1,Veg Steam,6,false,89,89
1235,1784467966809,1,Veg Steam,3,true,50,50
1236,1784467972435,6,Paneer Fry,6,false,129,129
1237,1784468426340,1,Veg Steam,2,false,17,34
1238,1784468426340,2,Paneer Steam,2,false,20,40
1239,1784468426340,3,Cheese Corn Steam,1,false,23,23
1240,1784469171139,4,Platter Steam,6,false,109,109
1241,1784469187344,1,Veg Steam,3,true,50,50
1245,1784469548413,2,Paneer Steam,3,true,60,60
1246,1784469548413,3,Cheese Corn Steam,3,true,70,70
1247,1784469548413,18,Paneer Nepalese Kothey,6,false,139,139
1248,1784469552953,23,Cheese Corn Pan Fried Gravy,6,false,159,159
1249,1784470187852,2,Paneer Steam,6,false,109,109
1250,1784470670240,4,Platter Steam,6,false,109,109
1251,1784470674704,4,Platter Steam,6,false,109,109
1252,1784470682297,2,Paneer Steam,6,false,109,109
1253,1784470854118,2,Paneer Steam,6,false,109,109
1254,1784471026817,3,Cheese Corn Steam,9,true,23,198
1255,1784471071679,2,Paneer Steam,3,true,60,60
1256,1784471871001,1,Veg Steam,6,false,89,89
1257,1784471980975,1,Veg Steam,6,false,89,89
1258,1784472222179,3,Cheese Corn Steam,6,false,129,129
1259,1784472222179,2,Paneer Steam,6,false,109,109
1260,1784472229131,18,Paneer Nepalese Kothey,6,false,139,139
1261,1784472542765,20,Platter Nepalese Kothey,6,false,139,139
1262,1784472971914,1,Veg Steam,3,true,50,50
1263,1784473447946,1,Veg Steam,3,true,50,50
1264,1784473638479,2,Paneer Steam,6,false,109,109
1265,1784474013004,2,Paneer Steam,9,true,20,169
1266,1784474013004,18,Paneer Nepalese Kothey,6,false,139,139
1267,1784474099433,4,Platter Steam,6,false,109,109
