id,order_date,time_label,order_type,payment_method,is_completed,total_amount,cash_amount,upi_amount,created_by,created_at,completed_at
1782821270782,2026-06-30T00:00:00.000Z,11:07 pm,pack,upi,true,109,0,109,1,2026-06-30T12:07:51.186Z,2026-06-30T12:11:13.199Z
1782821282861,2026-06-30T00:00:00.000Z,11:08 pm,dine,upi,true,109,0,109,1,2026-06-30T12:08:03.087Z,2026-06-30T12:11:11.342Z
1782822565683,2026-06-30T00:00:00.000Z,11:29 pm,pack,upi,true,60,0,60,1,2026-06-30T12:29:26.028Z,2026-06-30T12:29:30.079Z
1782822808076,2026-06-30T00:00:00.000Z,11:33 pm,dine,upi,true,89,0,89,1,2026-06-30T12:33:28.427Z,2026-06-30T12:59:34.830Z
1782822826218,2026-06-30T00:00:00.000Z,11:33 pm,dine,upi,true,109,0,109,1,2026-06-30T12:33:46.594Z,2026-06-30T12:37:49.991Z
1782823097597,2026-06-30T00:00:00.000Z,11:38 pm,pack,upi,true,178,0,178,1,2026-06-30T12:38:17.945Z,2026-06-30T12:59:30.813Z
1782823176121,2026-06-30T00:00:00.000Z,11:39 pm,dine,upi,true,129,0,129,1,2026-06-30T12:39:37.443Z,2026-06-30T12:59:40.636Z
1782823279766,2026-06-30T00:00:00.000Z,11:41 pm,dine,upi,true,109,0,109,1,2026-06-30T12:41:21.082Z,2026-06-30T12:48:17.408Z
1782823549859,2026-06-30T00:00:00.000Z,11:45 pm,dine,upi,true,109,0,109,1,2026-06-30T12:45:50.206Z,2026-06-30T12:59:45.070Z
1782823798988,2026-06-30T00:00:00.000Z,11:49 pm,pack,upi,true,238,0,238,1,2026-06-30T12:50:00.354Z,2026-06-30T12:59:54.003Z
1782824411641,2026-06-30T00:00:00.000Z,12:00 am,pack,cash,true,129,129,0,1,2026-06-30T13:00:11.972Z,2026-06-30T13:15:35.071Z
1782825348572,2026-06-30T00:00:00.000Z,12:15 am,dine,cash,true,109,109,0,1,2026-06-30T13:15:48.914Z,2026-06-30T13:22:19.343Z
1782825359662,2026-06-30T00:00:00.000Z,12:15 am,pack,upi,true,139,0,139,1,2026-06-30T13:15:59.869Z,2026-06-30T13:29:03.975Z
1782825398046,2026-06-30T00:00:00.000Z,12:16 am,dine,upi,true,60,0,60,1,2026-06-30T13:16:39.426Z,2026-06-30T13:22:12.611Z
1782826149523,2026-06-30T00:00:00.000Z,12:29 am,pack,upi,true,109,0,109,1,2026-06-30T13:29:09.881Z,2026-06-30T13:29:58.056Z
1782826595608,2026-06-30T00:00:00.000Z,12:36 am,dine,upi,true,50,0,50,1,2026-06-30T13:36:35.970Z,2026-06-30T13:41:07.565Z
1782826704878,2026-06-30T00:00:00.000Z,12:38 am,dine,upi,true,129,0,129,1,2026-06-30T13:38:25.238Z,2026-06-30T13:50:17.660Z
1782827454596,2026-06-30T00:00:00.000Z,12:50 am,dine,upi,true,60,0,60,1,2026-06-30T13:50:55.937Z,2026-06-30T13:51:10.984Z
1782827604469,2026-06-30T00:00:00.000Z,12:53 am,dine,cash,true,129,129,0,1,2026-06-30T13:53:25.764Z,2026-06-30T14:10:02.612Z
1782827998884,2026-06-30T00:00:00.000Z,12:59 am,pack,cash,true,50,50,0,1,2026-06-30T13:59:59.228Z,2026-06-30T14:00:06.873Z
1782829714809,2026-06-30T00:00:00.000Z,01:28 am,pack,upi,true,109,0,109,1,2026-06-30T14:28:35.139Z,2026-06-30T14:41:47.304Z
1782829753147,2026-06-30T00:00:00.000Z,01:29 am,dine,upi,true,60,0,60,1,2026-06-30T14:29:13.542Z,2026-06-30T14:30:04.733Z
1782829754366,2026-06-30T00:00:00.000Z,01:29 am,dine,cash,true,60,60,0,1,2026-06-30T14:29:14.574Z,2026-06-30T14:33:29.990Z
1782830530712,2026-06-30T00:00:00.000Z,01:42 am,pack,upi,true,189,0,189,1,2026-06-30T14:42:11.030Z,2026-06-30T14:42:19.562Z
1782830700315,2026-06-30T00:00:00.000Z,01:45 am,dine,upi,true,109,0,109,1,2026-06-30T14:45:00.659Z,2026-06-30T15:03:35.682Z
1782830711059,2026-06-30T00:00:00.000Z,01:45 am,dine,upi,true,60,0,60,1,2026-06-30T14:45:11.403Z,2026-06-30T15:00:32.436Z
1782830886535,2026-06-30T00:00:00.000Z,01:48 am,pack,cash,true,109,109,0,1,2026-06-30T14:48:07.844Z,2026-06-30T15:00:21.573Z
1782831205557,2026-06-30T00:00:00.000Z,01:53 am,pack,cash,true,129,129,0,1,2026-06-30T14:53:26.827Z,2026-06-30T14:59:55.983Z
1782840569648,2026-06-30T00:00:00.000Z,04:29 am,pack,cash,true,288,288,0,1,2026-06-30T17:29:30.993Z,2026-06-30T20:43:30.391Z
1782924693361,2026-07-01T00:00:00.000Z,03:51 am,dine,split,true,117,100,17,1,2026-07-01T16:51:34.762Z,2026-07-01T16:51:49.575Z
1783082188183,2026-07-03T00:00:00.000Z,11:36 pm,pack,upi,false,288,0,288,1,2026-07-03T12:36:29.493Z,
1783197988834,2026-07-05T00:00:00.000Z,07:46 am,pack,upi,false,516,0,516,1,2026-07-04T20:46:29.156Z,
1783429874193,2026-07-07T00:00:00.000Z,06:41 pm,pack,cash,true,240,240,0,1,2026-07-07T13:11:15.557Z,2026-07-07T13:19:12.213Z
1783430360274,2026-07-07T00:00:00.000Z,06:49 pm,pack,cash,true,129,129,0,1,2026-07-07T13:19:21.562Z,2026-07-07T13:19:32.723Z
1783430384106,2026-07-07T00:00:00.000Z,06:49 pm,pack,cash,true,50,50,0,1,2026-07-07T13:19:44.450Z,2026-07-07T13:20:12.691Z
1783430600700,2026-07-07T00:00:00.000Z,06:53 pm,pack,cash,true,60,60,0,1,2026-07-07T13:23:22.084Z,2026-07-07T13:29:34.135Z
1783430894885,2026-07-07T00:00:00.000Z,06:58 pm,pack,split,true,109,9,100,1,2026-07-07T13:28:16.273Z,2026-07-07T13:29:53.862Z
1783431044358,2026-07-07T00:00:00.000Z,07:00 pm,dine,cash,true,60,60,0,1,2026-07-07T13:30:44.711Z,2026-07-07T13:38:39.472Z
1783431558059,2026-07-07T00:00:00.000Z,07:09 pm,dine,cash,true,109,109,0,1,2026-07-07T13:39:18.443Z,2026-07-07T13:40:20.570Z
1783431578018,2026-07-07T00:00:00.000Z,07:09 pm,pack,cash,true,60,60,0,1,2026-07-07T13:39:39.317Z,2026-07-07T13:40:20.597Z
1783431636009,2026-07-07T00:00:00.000Z,07:10 pm,dine,upi,true,109,0,109,1,2026-07-07T13:40:36.372Z,2026-07-07T13:43:40.629Z
1783431651704,2026-07-07T00:00:00.000Z,07:10 pm,dine,cash,true,60,60,0,1,2026-07-07T13:40:52.022Z,2026-07-07T13:43:36.081Z
1783432238302,2026-07-07T00:00:00.000Z,07:20 pm,pack,upi,true,109,0,109,1,2026-07-07T13:50:39.762Z,2026-07-07T13:51:33.410Z
1783432250753,2026-07-07T00:00:00.000Z,07:20 pm,pack,upi,true,149,0,149,1,2026-07-07T13:50:50.992Z,2026-07-07T13:50:59.915Z
1783433419487,2026-07-07T00:00:00.000Z,07:40 pm,pack,upi,true,109,0,109,1,2026-07-07T14:10:20.721Z,2026-07-07T14:10:27.445Z
1783433504155,2026-07-07T00:00:00.000Z,07:41 pm,dine,cash,true,89,89,0,1,2026-07-07T14:11:44.516Z,2026-07-07T15:01:38.533Z
1783434900098,2026-07-07T00:00:00.000Z,08:05 pm,pack,upi,true,843,0,843,1,2026-07-07T14:35:01.444Z,2026-07-07T15:01:38.525Z
1783436511818,2026-07-07T00:00:00.000Z,08:31 pm,pack,cash,true,129,129,0,1,2026-07-07T15:01:52.173Z,2026-07-07T15:02:19.284Z
1783436536454,2026-07-07T00:00:00.000Z,08:32 pm,pack,upi,true,149,0,149,1,2026-07-07T15:02:16.805Z,2026-07-07T15:02:22.624Z
1783436566567,2026-07-07T00:00:00.000Z,08:32 pm,dine,upi,true,149,0,149,1,2026-07-07T15:02:46.781Z,2026-07-07T15:03:19.807Z
1783436596791,2026-07-07T00:00:00.000Z,08:33 pm,dine,upi,true,278,0,278,1,2026-07-07T15:03:17.003Z,2026-07-07T15:17:29.189Z
1783437439529,2026-07-07T00:00:00.000Z,08:47 pm,pack,upi,true,149,0,149,1,2026-07-07T15:17:19.863Z,2026-07-07T15:17:29.772Z
1783437794730,2026-07-07T00:00:00.000Z,08:53 pm,pack,upi,true,109,0,109,1,2026-07-07T15:23:16.103Z,2026-07-07T15:23:25.449Z
1783438695112,2026-07-07T00:00:00.000Z,09:08 pm,pack,upi,true,109,0,109,1,2026-07-07T15:38:16.240Z,2026-07-07T15:41:47.665Z
1783438709061,2026-07-07T00:00:00.000Z,09:08 pm,dine,upi,true,149,0,149,1,2026-07-07T15:38:29.265Z,2026-07-07T15:49:25.649Z
1783438739679,2026-07-07T00:00:00.000Z,09:08 pm,dine,cash,true,89,89,0,1,2026-07-07T15:38:59.883Z,2026-07-07T15:51:54.066Z
1783438756111,2026-07-07T00:00:00.000Z,09:09 pm,pack,cash,true,109,109,0,1,2026-07-07T15:39:16.317Z,2026-07-07T15:41:45.603Z
1783438923262,2026-07-07T00:00:00.000Z,09:12 pm,pack,cash,true,198,198,0,1,2026-07-07T15:42:03.600Z,2026-07-07T15:52:00.553Z
1783439559555,2026-07-07T00:00:00.000Z,09:22 pm,dine,cash,true,109,109,0,1,2026-07-07T15:52:39.884Z,2026-07-07T15:57:34.142Z
1783439590708,2026-07-07T00:00:00.000Z,09:23 pm,dine,cash,true,109,109,0,1,2026-07-07T15:53:11.063Z,2026-07-07T16:02:44.396Z
1783439608651,2026-07-07T00:00:00.000Z,09:23 pm,dine,cash,true,109,109,0,1,2026-07-07T15:53:28.993Z,2026-07-07T16:02:21.808Z
1783440677324,2026-07-07T00:00:00.000Z,09:41 pm,pack,cash,true,89,89,0,1,2026-07-07T16:11:18.730Z,2026-07-07T16:11:54.754Z
1783440679696,2026-07-07T00:00:00.000Z,09:41 pm,pack,upi,true,109,0,109,1,2026-07-07T16:11:20.055Z,2026-07-07T16:11:59.808Z
1783440702718,2026-07-07T00:00:00.000Z,09:41 pm,dine,cash,true,109,109,0,1,2026-07-07T16:11:42.953Z,2026-07-07T16:26:29.557Z
1783441175024,2026-07-07T00:00:00.000Z,09:49 pm,dine,upi,true,109,0,109,1,2026-07-07T16:19:35.369Z,2026-07-07T16:27:38.912Z
1783441199722,2026-07-07T00:00:00.000Z,09:49 pm,dine,cash,true,109,109,0,1,2026-07-07T16:20:00.055Z,2026-07-07T16:26:37.614Z
1783441514609,2026-07-07T00:00:00.000Z,09:55 pm,dine,upi,true,230,0,230,1,2026-07-07T16:25:16.013Z,2026-07-07T16:26:42.717Z
1783442284449,2026-07-07T00:00:00.000Z,10:08 pm,dine,upi,true,92,0,92,1,2026-07-07T16:38:04.805Z,2026-07-07T16:59:30.143Z
1783442313885,2026-07-07T00:00:00.000Z,10:08 pm,pack,cash,true,198,198,0,1,2026-07-07T16:38:34.227Z,2026-07-07T16:59:36.705Z
1783443603357,2026-07-07T00:00:00.000Z,10:30 pm,dine,cash,true,60,60,0,1,2026-07-07T17:00:03.719Z,2026-07-07T17:09:21.015Z
1783444144077,2026-07-07T00:00:00.000Z,10:39 pm,pack,cash,true,150,150,0,1,2026-07-07T17:09:05.494Z,2026-07-07T18:18:45.730Z
1783445193539,2026-07-07T00:00:00.000Z,10:56 pm,dine,cash,true,160,160,0,1,2026-07-07T17:26:34.874Z,2026-07-07T18:18:44.923Z
1783452269733,2026-07-08T00:00:00.000Z,12:54 am,dine,upi,true,476,0,476,1,2026-07-07T19:24:31.064Z,2026-07-07T20:13:02.893Z
1783455180584,2026-07-08T00:00:00.000Z,01:43 am,dine,upi,true,476,0,476,1,2026-07-07T20:13:00.789Z,2026-07-07T20:13:06.447Z
1783455238898,2026-07-08T00:00:00.000Z,01:43 am,dine,cash,true,387,387,0,1,2026-07-07T20:13:59.279Z,2026-07-07T20:14:04.810Z
1783455260166,2026-07-08T00:00:00.000Z,01:44 am,pack,upi,true,814,0,814,1,2026-07-07T20:14:20.376Z,2026-07-07T20:14:25.927Z
1783472559471,2026-06-25T00:00:00.000Z,06:32 am,dine,cash,false,506,506,0,1,2026-07-08T01:02:39.678Z,
1783472582763,2026-06-25T00:00:00.000Z,06:33 am,pack,cash,false,516,516,0,1,2026-07-08T01:03:02.968Z,
1783472592980,2026-06-25T00:00:00.000Z,06:33 am,dine,split,true,89,0,0,1,2026-07-08T01:03:13.189Z,2026-07-08T01:03:23.467Z
1783528250857,2026-07-08T00:00:00.000Z,10:00 pm,dine,cash,true,236,236,0,1,2026-07-08T16:30:52.270Z,2026-07-08T16:31:23.505Z
1783528277377,2026-07-08T00:00:00.000Z,10:01 pm,dine,upi,true,86,0,86,1,2026-07-08T16:31:17.603Z,2026-07-08T16:31:20.306Z
1783589556594,2026-07-06T00:00:00.000Z,03:02 pm,dine,cash,true,1419,1419,0,1,2026-07-09T09:32:37.958Z,2026-07-09T09:33:16.672Z
1783589571188,2026-07-06T00:00:00.000Z,03:02 pm,dine,cash,true,1121,1121,0,1,2026-07-09T09:32:51.391Z,2026-07-09T09:33:16.263Z
1783589584468,2026-07-06T00:00:00.000Z,03:03 pm,dine,cash,true,109,109,0,1,2026-07-09T09:33:04.673Z,2026-07-09T09:33:14.140Z
1783589607603,2026-07-06T00:00:00.000Z,03:03 pm,dine,cash,true,89,89,0,1,2026-07-09T09:33:27.807Z,2026-07-09T09:34:44.428Z
1783589617237,2026-07-06T00:00:00.000Z,03:03 pm,dine,upi,false,278,0,278,1,2026-07-09T09:33:37.577Z,
1783589648926,2026-07-06T00:00:00.000Z,03:04 pm,pack,upi,true,397,0,397,1,2026-07-09T09:34:10.414Z,2026-07-09T09:34:57.064Z
1783589689014,2026-07-06T00:00:00.000Z,03:04 pm,dine,cash,false,109,109,0,1,2026-07-09T09:34:49.353Z,
1783599529743,2026-07-09T00:00:00.000Z,05:48 pm,pack,cash,true,109,109,0,1,2026-07-09T12:18:50.103Z,2026-07-09T12:28:34.581Z
1783599904329,2026-07-09T00:00:00.000Z,05:55 pm,dine,cash,true,60,60,0,1,2026-07-09T12:25:05.640Z,2026-07-09T12:32:49.435Z
1783600025174,2026-07-09T00:00:00.000Z,05:57 pm,dine,upi,true,109,0,109,1,2026-07-09T12:27:05.537Z,2026-07-09T12:32:53.958Z
1783601607094,2026-07-09T00:00:00.000Z,06:23 pm,pack,upi,true,109,0,109,1,2026-07-09T12:53:28.518Z,2026-07-09T12:55:12.447Z
1783601634389,2026-07-09T00:00:00.000Z,06:23 pm,dine,cash,true,189,189,0,1,2026-07-09T12:53:54.797Z,2026-07-09T13:01:50.519Z
1783602127237,2026-07-09T00:00:00.000Z,06:32 pm,dine,cash,true,109,109,0,1,2026-07-09T13:02:07.581Z,2026-07-09T13:03:56.272Z
1783602284555,2026-07-09T00:00:00.000Z,06:34 pm,pack,cash,true,149,149,0,1,2026-07-09T13:04:45.939Z,2026-07-09T13:05:15.395Z
1783602359389,2026-07-07T00:00:00.000Z,06:35 pm,dine,cash,false,159,159,0,1,2026-07-09T13:06:00.718Z,
1783602359653,2026-07-07T00:00:00.000Z,06:35 pm,dine,cash,false,159,159,0,1,2026-07-09T13:06:01.005Z,
1783602360237,2026-07-09T00:00:00.000Z,06:36 pm,pack,cash,true,109,109,0,1,2026-07-09T13:06:01.526Z,2026-07-09T13:20:45.850Z
1783602516846,2026-07-07T00:00:00.000Z,06:38 pm,dine,cash,false,159,159,0,1,2026-07-09T13:08:38.278Z,
1783602517723,2026-07-07T00:00:00.000Z,06:38 pm,dine,cash,false,159,159,0,1,2026-07-09T13:08:38.071Z,
1783602519027,2026-07-07T00:00:00.000Z,06:38 pm,dine,cash,false,159,159,0,1,2026-07-09T13:08:39.252Z,
1783602519677,2026-07-07T00:00:00.000Z,06:38 pm,dine,cash,false,159,159,0,1,2026-07-09T13:08:39.896Z,
1783602520314,2026-07-07T00:00:00.000Z,06:38 pm,dine,cash,false,159,159,0,1,2026-07-09T13:08:40.537Z,
1783602521609,2026-07-07T00:00:00.000Z,06:38 pm,dine,cash,false,159,159,0,1,2026-07-09T13:08:41.831Z,
1783602521703,2026-07-07T00:00:00.000Z,06:38 pm,dine,cash,false,159,159,0,1,2026-07-09T13:08:41.921Z,
1783602522884,2026-07-07T00:00:00.000Z,06:38 pm,dine,cash,false,159,159,0,1,2026-07-09T13:08:43.214Z,
1783602522886,2026-07-07T00:00:00.000Z,06:38 pm,dine,cash,false,159,159,0,1,2026-07-09T13:08:43.105Z,
1783602524203,2026-07-07T00:00:00.000Z,06:38 pm,dine,cash,false,159,159,0,1,2026-07-09T13:08:44.411Z,
1783602525428,2026-07-07T00:00:00.000Z,06:38 pm,dine,cash,false,159,159,0,1,2026-07-09T13:08:45.637Z,
1783602525678,2026-07-07T00:00:00.000Z,06:38 pm,dine,cash,false,159,159,0,1,2026-07-09T13:08:46.983Z,
1783602526554,2026-07-07T00:00:00.000Z,06:38 pm,dine,cash,false,159,159,0,1,2026-07-09T13:08:46.762Z,
1783602527717,2026-07-07T00:00:00.000Z,06:38 pm,dine,cash,false,159,159,0,1,2026-07-09T13:08:47.929Z,
1783602528007,2026-07-07T00:00:00.000Z,06:38 pm,dine,cash,false,159,159,0,1,2026-07-09T13:08:48.214Z,
1783602528803,2026-07-07T00:00:00.000Z,06:38 pm,dine,cash,false,159,159,0,1,2026-07-09T13:08:49.011Z,
1783602529496,2026-07-07T00:00:00.000Z,06:38 pm,dine,cash,false,159,159,0,1,2026-07-09T13:08:49.710Z,
1783602531790,2026-07-07T00:00:00.000Z,06:38 pm,dine,cash,false,159,159,0,1,2026-07-09T13:08:51.998Z,
1783602531982,2026-07-07T00:00:00.000Z,06:38 pm,dine,cash,false,159,159,0,1,2026-07-09T13:08:52.205Z,
1783602533984,2026-07-07T00:00:00.000Z,06:38 pm,dine,cash,false,159,159,0,1,2026-07-09T13:08:54.204Z,
1783602535395,2026-07-07T00:00:00.000Z,06:38 pm,dine,cash,false,159,159,0,1,2026-07-09T13:08:55.614Z,
1783602536582,2026-07-07T00:00:00.000Z,06:38 pm,dine,cash,false,159,159,0,1,2026-07-09T13:08:56.789Z,
1783602537478,2026-07-07T00:00:00.000Z,06:38 pm,dine,cash,false,159,159,0,1,2026-07-09T13:08:57.686Z,
1783602537788,2026-07-07T00:00:00.000Z,06:38 pm,dine,cash,false,159,159,0,1,2026-07-09T13:08:57.997Z,
1783602538580,2026-07-07T00:00:00.000Z,06:38 pm,dine,cash,false,159,159,0,1,2026-07-09T13:08:58.789Z,
1783602876474,2026-07-07T00:00:00.000Z,06:44 pm,dine,cash,false,159,159,0,1,2026-07-09T13:14:37.785Z,
1783602876493,2026-07-07T00:00:00.000Z,06:44 pm,dine,cash,false,159,159,0,1,2026-07-09T13:14:37.819Z,
1783602878884,2026-07-07T00:00:00.000Z,06:44 pm,dine,cash,false,159,159,0,1,2026-07-09T13:14:39.102Z,
1783602879417,2026-07-07T00:00:00.000Z,06:44 pm,dine,cash,false,159,159,0,1,2026-07-09T13:14:39.628Z,
1783602880007,2026-07-07T00:00:00.000Z,06:44 pm,dine,cash,false,159,159,0,1,2026-07-09T13:14:40.223Z,
1783602881002,2026-07-07T00:00:00.000Z,06:44 pm,dine,cash,false,159,159,0,1,2026-07-09T13:14:41.219Z,
1783602881177,2026-07-07T00:00:00.000Z,06:44 pm,dine,cash,false,159,159,0,1,2026-07-09T13:14:41.388Z,
1783602881770,2026-07-09T00:00:00.000Z,06:44 pm,pack,cash,true,109,109,0,1,2026-07-09T13:14:41.986Z,2026-07-09T13:20:55.936Z
1783602882160,2026-07-07T00:00:00.000Z,06:44 pm,dine,cash,false,159,159,0,1,2026-07-09T13:14:42.519Z,
1783602882675,2026-07-07T00:00:00.000Z,06:44 pm,dine,cash,false,159,159,0,1,2026-07-09T13:14:42.884Z,
1783602883586,2026-07-07T00:00:00.000Z,06:44 pm,dine,cash,false,159,159,0,1,2026-07-09T13:14:43.799Z,
1783602883794,2026-07-07T00:00:00.000Z,06:44 pm,dine,cash,false,159,159,0,1,2026-07-09T13:14:44.009Z,
1783602884759,2026-07-07T00:00:00.000Z,06:44 pm,dine,cash,false,159,159,0,1,2026-07-09T13:14:44.974Z,
1783602884967,2026-07-07T00:00:00.000Z,06:44 pm,dine,cash,false,159,159,0,1,2026-07-09T13:14:45.177Z,
1783602885926,2026-07-07T00:00:00.000Z,06:44 pm,dine,cash,false,159,159,0,1,2026-07-09T13:14:46.137Z,
1783602886094,2026-07-07T00:00:00.000Z,06:44 pm,dine,cash,false,159,159,0,1,2026-07-09T13:14:46.310Z,
1783603240367,2026-07-07T00:00:00.000Z,06:50 pm,dine,cash,false,159,159,0,1,2026-07-09T13:20:41.672Z,
1783603240458,2026-07-07T00:00:00.000Z,06:50 pm,dine,cash,false,159,159,0,1,2026-07-09T13:20:41.735Z,
1783603243734,2026-07-07T00:00:00.000Z,06:50 pm,dine,cash,false,159,159,0,1,2026-07-09T13:20:43.944Z,
1783603243852,2026-07-07T00:00:00.000Z,06:50 pm,dine,cash,false,159,159,0,1,2026-07-09T13:20:44.067Z,
1783603244852,2026-07-07T00:00:00.000Z,06:50 pm,dine,cash,false,159,159,0,1,2026-07-09T13:20:45.062Z,
1783603245648,2026-07-07T00:00:00.000Z,06:50 pm,dine,cash,false,159,159,0,1,2026-07-09T13:20:46.691Z,
1783603246066,2026-07-07T00:00:00.000Z,06:50 pm,dine,cash,false,159,159,0,1,2026-07-09T13:20:46.276Z,
1783603248315,2026-07-07T00:00:00.000Z,06:50 pm,dine,cash,false,159,159,0,1,2026-07-09T13:20:48.526Z,
1783603248487,2026-07-07T00:00:00.000Z,06:50 pm,dine,cash,false,159,159,0,1,2026-07-09T13:20:48.697Z,
1783603249593,2026-07-07T00:00:00.000Z,06:50 pm,dine,cash,false,159,159,0,1,2026-07-09T13:20:49.809Z,
1783603249657,2026-07-07T00:00:00.000Z,06:50 pm,dine,cash,false,159,159,0,1,2026-07-09T13:20:49.867Z,
1783603250921,2026-07-07T00:00:00.000Z,06:50 pm,dine,cash,false,159,159,0,1,2026-07-09T13:20:51.138Z,
1783603250943,2026-07-07T00:00:00.000Z,06:50 pm,dine,cash,false,159,159,0,1,2026-07-09T13:20:51.152Z,
1783603252152,2026-07-07T00:00:00.000Z,06:50 pm,dine,cash,false,159,159,0,1,2026-07-09T13:20:52.362Z,
1783603252162,2026-07-07T00:00:00.000Z,06:50 pm,dine,cash,false,159,159,0,1,2026-07-09T13:20:52.378Z,
1783603253423,2026-07-07T00:00:00.000Z,06:50 pm,dine,cash,false,159,159,0,1,2026-07-09T13:20:53.634Z,
1783603253440,2026-07-07T00:00:00.000Z,06:50 pm,dine,cash,false,159,159,0,1,2026-07-09T13:20:53.651Z,
1783603254723,2026-07-07T00:00:00.000Z,06:50 pm,dine,cash,false,159,159,0,1,2026-07-09T13:20:54.934Z,
1783603254727,2026-07-07T00:00:00.000Z,06:50 pm,dine,cash,false,159,159,0,1,2026-07-09T13:20:54.942Z,
1783603255843,2026-07-07T00:00:00.000Z,06:50 pm,dine,cash,false,159,159,0,1,2026-07-09T13:20:56.052Z,
1783603255867,2026-07-07T00:00:00.000Z,06:50 pm,dine,cash,false,159,159,0,1,2026-07-09T13:20:56.205Z,
1783603257195,2026-07-07T00:00:00.000Z,06:50 pm,dine,cash,false,159,159,0,1,2026-07-09T13:20:57.401Z,
1783603258263,2026-07-07T00:00:00.000Z,06:50 pm,dine,cash,false,159,159,0,1,2026-07-09T13:20:58.470Z,
1783603258295,2026-07-07T00:00:00.000Z,06:50 pm,dine,cash,false,159,159,0,1,2026-07-09T13:20:58.512Z,
1783603259363,2026-07-07T00:00:00.000Z,06:50 pm,dine,cash,false,159,159,0,1,2026-07-09T13:20:59.569Z,
1783603259508,2026-07-07T00:00:00.000Z,06:50 pm,dine,cash,false,159,159,0,1,2026-07-09T13:20:59.716Z,
1783603260645,2026-07-07T00:00:00.000Z,06:51 pm,dine,cash,false,159,159,0,1,2026-07-09T13:21:00.855Z,
1783603260663,2026-07-07T00:00:00.000Z,06:51 pm,dine,cash,false,159,159,0,1,2026-07-09T13:21:00.870Z,
1783603261803,2026-07-07T00:00:00.000Z,06:51 pm,dine,cash,false,159,159,0,1,2026-07-09T13:21:02.009Z,
1783603261858,2026-07-07T00:00:00.000Z,06:51 pm,dine,cash,false,159,159,0,1,2026-07-09T13:21:02.075Z,
1783603263024,2026-07-07T00:00:00.000Z,06:51 pm,dine,cash,false,159,159,0,1,2026-07-09T13:21:03.231Z,
1783603263081,2026-07-07T00:00:00.000Z,06:51 pm,dine,cash,false,159,159,0,1,2026-07-09T13:21:03.297Z,
1783603264160,2026-07-07T00:00:00.000Z,06:51 pm,dine,cash,false,159,159,0,1,2026-07-09T13:21:04.366Z,
1783603264265,2026-07-07T00:00:00.000Z,06:51 pm,dine,cash,false,159,159,0,1,2026-07-09T13:21:04.475Z,
1783603265284,2026-07-07T00:00:00.000Z,06:51 pm,dine,cash,false,159,159,0,1,2026-07-09T13:21:05.494Z,
1783603265444,2026-07-07T00:00:00.000Z,06:51 pm,dine,cash,false,159,159,0,1,2026-07-09T13:21:05.649Z,
1783603266570,2026-07-07T00:00:00.000Z,06:51 pm,dine,cash,false,159,159,0,1,2026-07-09T13:21:06.787Z,
1783603266616,2026-07-07T00:00:00.000Z,06:51 pm,dine,cash,false,159,159,0,1,2026-07-09T13:21:06.821Z,
1783603267831,2026-07-07T00:00:00.000Z,06:51 pm,dine,cash,false,159,159,0,1,2026-07-09T13:21:08.037Z,
1783603267837,2026-07-07T00:00:00.000Z,06:51 pm,dine,cash,false,159,159,0,1,2026-07-09T13:21:08.047Z,
1783603268676,2026-07-09T00:00:00.000Z,06:51 pm,pack,cash,true,179,179,0,1,2026-07-09T13:21:08.886Z,2026-07-09T13:21:13.165Z
1783603268971,2026-07-07T00:00:00.000Z,06:51 pm,dine,cash,false,159,159,0,1,2026-07-09T13:21:09.177Z,
1783603269000,2026-07-07T00:00:00.000Z,06:51 pm,dine,cash,false,159,159,0,1,2026-07-09T13:21:09.229Z,
1783603270094,2026-07-07T00:00:00.000Z,06:51 pm,dine,cash,false,159,159,0,1,2026-07-09T13:21:10.300Z,
1783603270187,2026-07-07T00:00:00.000Z,06:51 pm,dine,cash,false,159,159,0,1,2026-07-09T13:21:10.398Z,
1783603271220,2026-07-07T00:00:00.000Z,06:51 pm,dine,cash,false,159,159,0,1,2026-07-09T13:21:11.430Z,
1783603271340,2026-07-07T00:00:00.000Z,06:51 pm,dine,cash,false,159,159,0,1,2026-07-09T13:21:11.555Z,
1783603272345,2026-07-07T00:00:00.000Z,06:51 pm,dine,cash,false,159,159,0,1,2026-07-09T13:21:12.555Z,
1783603272691,2026-07-07T00:00:00.000Z,06:51 pm,dine,cash,false,159,159,0,1,2026-07-09T13:21:12.897Z,
1783603273606,2026-07-07T00:00:00.000Z,06:51 pm,dine,cash,false,159,159,0,1,2026-07-09T13:21:13.820Z,
1783603273768,2026-07-07T00:00:00.000Z,06:51 pm,dine,cash,false,159,159,0,1,2026-07-09T13:21:13.976Z,
1783603274892,2026-07-07T00:00:00.000Z,06:51 pm,dine,cash,false,159,159,0,1,2026-07-09T13:21:15.126Z,
1783603274899,2026-07-07T00:00:00.000Z,06:51 pm,dine,cash,false,159,159,0,1,2026-07-09T13:21:15.107Z,
1783603276089,2026-07-07T00:00:00.000Z,06:51 pm,dine,cash,false,159,159,0,1,2026-07-09T13:21:16.306Z,
1783603276434,2026-07-07T00:00:00.000Z,06:51 pm,dine,cash,false,159,159,0,1,2026-07-09T13:21:16.638Z,
1783603277267,2026-07-07T00:00:00.000Z,06:51 pm,dine,cash,false,159,159,0,1,2026-07-09T13:21:17.473Z,
1783603277597,2026-07-07T00:00:00.000Z,06:51 pm,dine,cash,false,159,159,0,1,2026-07-09T13:21:17.812Z,
1783603278397,2026-07-07T00:00:00.000Z,06:51 pm,dine,cash,false,159,159,0,1,2026-07-09T13:21:18.613Z,
1783603278784,2026-07-07T00:00:00.000Z,06:51 pm,dine,cash,false,159,159,0,1,2026-07-09T13:21:18.990Z,
1783603279648,2026-07-07T00:00:00.000Z,06:51 pm,dine,cash,false,159,159,0,1,2026-07-09T13:21:19.853Z,
1783603279942,2026-07-07T00:00:00.000Z,06:51 pm,dine,cash,false,159,159,0,1,2026-07-09T13:21:20.157Z,
1783603280833,2026-07-07T00:00:00.000Z,06:51 pm,dine,cash,false,159,159,0,1,2026-07-09T13:21:21.049Z,
1783603281155,2026-07-07T00:00:00.000Z,06:51 pm,dine,cash,false,159,159,0,1,2026-07-09T13:21:21.361Z,
1783603281945,2026-07-07T00:00:00.000Z,06:51 pm,dine,cash,false,159,159,0,1,2026-07-09T13:21:22.151Z,
1783603282262,2026-07-07T00:00:00.000Z,06:51 pm,dine,cash,false,159,159,0,1,2026-07-09T13:21:22.477Z,
1783603283111,2026-07-07T00:00:00.000Z,06:51 pm,dine,cash,false,159,159,0,1,2026-07-09T13:21:23.327Z,
1783603283401,2026-07-07T00:00:00.000Z,06:51 pm,dine,cash,false,159,159,0,1,2026-07-09T13:21:23.607Z,
1783603284389,2026-07-07T00:00:00.000Z,06:51 pm,dine,cash,false,159,159,0,1,2026-07-09T13:21:24.594Z,
1783603284504,2026-07-07T00:00:00.000Z,06:51 pm,dine,cash,false,159,159,0,1,2026-07-09T13:21:24.719Z,
1783603284580,2026-07-09T00:00:00.000Z,06:51 pm,dine,upi,true,180,0,180,1,2026-07-09T13:21:24.791Z,2026-07-09T13:26:59.649Z
1783603285622,2026-07-07T00:00:00.000Z,06:51 pm,dine,cash,false,159,159,0,1,2026-07-09T13:21:25.826Z,
1783603285648,2026-07-07T00:00:00.000Z,06:51 pm,dine,cash,false,159,159,0,1,2026-07-09T13:21:25.858Z,
1783603286754,2026-07-07T00:00:00.000Z,06:51 pm,dine,cash,false,159,159,0,1,2026-07-09T13:21:26.965Z,
1783603286794,2026-07-07T00:00:00.000Z,06:51 pm,dine,cash,false,159,159,0,1,2026-07-09T13:21:27.000Z,
1783603287862,2026-07-07T00:00:00.000Z,06:51 pm,dine,cash,false,159,159,0,1,2026-07-09T13:21:28.067Z,
1783603287901,2026-07-07T00:00:00.000Z,06:51 pm,dine,cash,false,159,159,0,1,2026-07-09T13:21:28.113Z,
1783603289026,2026-07-07T00:00:00.000Z,06:51 pm,dine,cash,false,159,159,0,1,2026-07-09T13:21:29.237Z,
1783603289036,2026-07-07T00:00:00.000Z,06:51 pm,dine,cash,false,159,159,0,1,2026-07-09T13:21:29.241Z,
1783603290268,2026-07-07T00:00:00.000Z,06:51 pm,dine,cash,false,159,159,0,1,2026-07-09T13:21:30.479Z,
1783603290269,2026-07-07T00:00:00.000Z,06:51 pm,dine,cash,false,159,159,0,1,2026-07-09T13:21:30.474Z,
1783603291393,2026-07-07T00:00:00.000Z,06:51 pm,dine,cash,false,159,159,0,1,2026-07-09T13:21:31.604Z,
1783603291443,2026-07-07T00:00:00.000Z,06:51 pm,dine,cash,false,159,159,0,1,2026-07-09T13:21:31.648Z,
1783603292503,2026-07-07T00:00:00.000Z,06:51 pm,dine,cash,false,159,159,0,1,2026-07-09T13:21:32.709Z,
1783603292547,2026-07-07T00:00:00.000Z,06:51 pm,dine,cash,false,159,159,0,1,2026-07-09T13:21:32.760Z,
1783603293627,2026-07-07T00:00:00.000Z,06:51 pm,dine,cash,false,159,159,0,1,2026-07-09T13:21:33.838Z,
1783603294198,2026-07-07T00:00:00.000Z,06:51 pm,dine,cash,false,159,159,0,1,2026-07-09T13:21:34.404Z,
1783603297257,2026-07-07T00:00:00.000Z,06:51 pm,dine,cash,false,159,159,0,1,2026-07-09T13:21:37.462Z,
1783603297276,2026-07-07T00:00:00.000Z,06:51 pm,dine,cash,false,159,159,0,1,2026-07-09T13:21:37.485Z,
1783603298700,2026-07-07T00:00:00.000Z,06:51 pm,dine,cash,false,159,159,0,1,2026-07-09T13:21:38.911Z,
1783603298758,2026-07-07T00:00:00.000Z,06:51 pm,dine,cash,false,159,159,0,1,2026-07-09T13:21:38.964Z,
1783603300683,2026-07-07T00:00:00.000Z,06:51 pm,dine,cash,false,159,159,0,1,2026-07-09T13:21:40.889Z,
1783603300747,2026-07-07T00:00:00.000Z,06:51 pm,dine,cash,false,159,159,0,1,2026-07-09T13:21:40.957Z,
1783603301921,2026-07-07T00:00:00.000Z,06:51 pm,dine,cash,false,159,159,0,1,2026-07-09T13:21:42.131Z,
1783603302025,2026-07-07T00:00:00.000Z,06:51 pm,dine,cash,false,159,159,0,1,2026-07-09T13:21:42.229Z,
1783603303088,2026-07-07T00:00:00.000Z,06:51 pm,dine,cash,false,159,159,0,1,2026-07-09T13:21:43.293Z,
1783603303363,2026-07-07T00:00:00.000Z,06:51 pm,dine,cash,false,159,159,0,1,2026-07-09T13:21:43.574Z,
1783603304265,2026-07-07T00:00:00.000Z,06:51 pm,dine,cash,false,159,159,0,1,2026-07-09T13:21:44.475Z,
1783603304505,2026-07-07T00:00:00.000Z,06:51 pm,dine,cash,false,159,159,0,1,2026-07-09T13:21:44.710Z,
1783603304846,2026-07-09T00:00:00.000Z,06:51 pm,dine,upi,true,109,0,109,1,2026-07-09T13:21:45.061Z,2026-07-09T13:23:17.640Z
1783603305415,2026-07-07T00:00:00.000Z,06:51 pm,dine,cash,false,159,159,0,1,2026-07-09T13:21:45.619Z,
1783603305621,2026-07-07T00:00:00.000Z,06:51 pm,dine,cash,false,159,159,0,1,2026-07-09T13:21:45.835Z,
1783603308436,2026-07-07T00:00:00.000Z,06:51 pm,dine,cash,false,159,159,0,1,2026-07-09T13:21:48.646Z,
1783603308451,2026-07-07T00:00:00.000Z,06:51 pm,dine,cash,false,159,159,0,1,2026-07-09T13:21:48.660Z,
1783603310041,2026-07-07T00:00:00.000Z,06:51 pm,dine,cash,false,159,159,0,1,2026-07-09T13:21:50.250Z,
1783603310085,2026-07-07T00:00:00.000Z,06:51 pm,dine,cash,false,159,159,0,1,2026-07-09T13:21:50.297Z,
1783603311192,2026-07-07T00:00:00.000Z,06:51 pm,dine,cash,false,159,159,0,1,2026-07-09T13:21:51.404Z,
1783603312605,2026-07-07T00:00:00.000Z,06:51 pm,dine,cash,false,159,159,0,1,2026-07-09T13:21:52.814Z,
1783603312634,2026-07-07T00:00:00.000Z,06:51 pm,dine,cash,false,159,159,0,1,2026-07-09T13:21:52.843Z,
1783603314789,2026-07-07T00:00:00.000Z,06:51 pm,dine,cash,false,159,159,0,1,2026-07-09T13:21:55.000Z,
1783603314819,2026-07-07T00:00:00.000Z,06:51 pm,dine,cash,false,159,159,0,1,2026-07-09T13:21:55.030Z,
1783603315950,2026-07-07T00:00:00.000Z,06:51 pm,dine,cash,false,159,159,0,1,2026-07-09T13:21:56.160Z,
1783603316046,2026-07-07T00:00:00.000Z,06:51 pm,dine,cash,false,159,159,0,1,2026-07-09T13:21:56.257Z,
1783603317113,2026-07-07T00:00:00.000Z,06:51 pm,dine,cash,false,159,159,0,1,2026-07-09T13:21:57.322Z,
1783603317229,2026-07-07T00:00:00.000Z,06:51 pm,dine,cash,false,159,159,0,1,2026-07-09T13:21:57.439Z,
1783603318269,2026-07-07T00:00:00.000Z,06:51 pm,dine,cash,false,159,159,0,1,2026-07-09T13:21:58.480Z,
1783603318361,2026-07-07T00:00:00.000Z,06:51 pm,dine,cash,false,159,159,0,1,2026-07-09T13:21:58.571Z,
1783603319859,2026-07-07T00:00:00.000Z,06:51 pm,dine,cash,false,159,159,0,1,2026-07-09T13:22:00.069Z,
1783603319878,2026-07-07T00:00:00.000Z,06:51 pm,dine,cash,false,159,159,0,1,2026-07-09T13:22:00.087Z,
1783603321016,2026-07-07T00:00:00.000Z,06:52 pm,dine,cash,false,159,159,0,1,2026-07-09T13:22:01.225Z,
1783603321070,2026-07-07T00:00:00.000Z,06:52 pm,dine,cash,false,159,159,0,1,2026-07-09T13:22:01.281Z,
1783603322146,2026-07-07T00:00:00.000Z,06:52 pm,dine,cash,false,159,159,0,1,2026-07-09T13:22:02.356Z,
1783603322269,2026-07-07T00:00:00.000Z,06:52 pm,dine,cash,false,159,159,0,1,2026-07-09T13:22:02.478Z,
1783603323363,2026-07-07T00:00:00.000Z,06:52 pm,dine,cash,false,159,159,0,1,2026-07-09T13:22:03.574Z,
1783603323395,2026-07-07T00:00:00.000Z,06:52 pm,dine,cash,false,159,159,0,1,2026-07-09T13:22:03.605Z,
1783603324535,2026-07-07T00:00:00.000Z,06:52 pm,dine,cash,false,159,159,0,1,2026-07-09T13:22:04.745Z,
1783603325922,2026-07-07T00:00:00.000Z,06:52 pm,dine,cash,false,159,159,0,1,2026-07-09T13:22:06.133Z,
1783603371401,2026-07-09T00:00:00.000Z,06:52 pm,dine,upi,true,89,0,89,1,2026-07-09T13:22:52.698Z,2026-07-09T13:22:57.043Z
1783603753976,2026-07-09T00:00:00.000Z,06:59 pm,pack,cash,true,149,149,0,1,2026-07-09T13:29:15.274Z,2026-07-09T13:32:23.132Z
1783603763890,2026-07-09T00:00:00.000Z,06:59 pm,dine,cash,true,179,179,0,1,2026-07-09T13:29:24.101Z,2026-07-09T13:57:27.190Z
1783603926013,2026-07-09T00:00:00.000Z,07:02 pm,pack,upi,true,60,0,60,1,2026-07-09T13:32:07.378Z,2026-07-09T13:32:27.704Z
1783605452969,2026-07-09T00:00:00.000Z,07:27 pm,pack,cash,true,109,109,0,1,2026-07-09T13:57:33.189Z,2026-07-09T14:02:17.732Z
1783605725529,2026-07-09T00:00:00.000Z,07:32 pm,dine,upi,true,109,0,109,1,2026-07-09T14:02:06.928Z,2026-07-09T14:11:29.895Z
1783605731021,2026-07-09T00:00:00.000Z,07:32 pm,dine,cash,true,109,109,0,1,2026-07-09T14:02:11.372Z,2026-07-09T14:08:24.466Z
1783606095317,2026-07-09T00:00:00.000Z,07:38 pm,pack,upi,true,199,0,199,1,2026-07-09T14:08:15.655Z,2026-07-09T14:08:21.218Z
1783606489452,2026-07-09T00:00:00.000Z,07:44 pm,dine,upi,true,109,0,109,1,2026-07-09T14:14:49.826Z,2026-07-09T14:24:31.247Z
1783607077697,2026-07-09T00:00:00.000Z,07:54 pm,pack,cash,true,109,109,0,1,2026-07-09T14:24:38.632Z,2026-07-09T14:37:12.465Z
1783607552536,2026-07-09T00:00:00.000Z,08:02 pm,dine,cash,true,89,89,0,1,2026-07-09T14:32:33.687Z,2026-07-09T14:39:41.982Z
1783607623248,2026-07-09T00:00:00.000Z,08:03 pm,pack,cash,true,50,50,0,1,2026-07-09T14:33:44.331Z,2026-07-09T14:33:57.029Z
1783607631269,2026-07-09T00:00:00.000Z,08:03 pm,dine,upi,true,129,0,129,1,2026-07-09T14:33:51.489Z,2026-07-09T14:38:57.998Z
1783607823386,2026-07-09T00:00:00.000Z,08:07 pm,pack,cash,true,228,228,0,1,2026-07-09T14:37:04.699Z,2026-07-09T14:40:41.241Z
1783608014190,2026-07-09T00:00:00.000Z,08:10 pm,pack,cash,true,109,109,0,1,2026-07-09T14:40:15.530Z,2026-07-09T14:40:39.490Z
1783608035308,2026-07-09T00:00:00.000Z,08:10 pm,dine,cash,true,109,109,0,1,2026-07-09T14:40:35.521Z,2026-07-09T14:40:39.921Z
1783608110984,2026-07-09T00:00:00.000Z,08:11 pm,dine,upi,true,229,0,229,1,2026-07-09T14:41:52.346Z,2026-07-09T14:54:05.513Z
1783608688520,2026-07-09T00:00:00.000Z,08:21 pm,dine,cash,true,109,109,0,1,2026-07-09T14:51:28.874Z,2026-07-09T15:04:40.417Z
1783608690178,2026-07-09T00:00:00.000Z,08:21 pm,dine,split,true,129,30,99,1,2026-07-09T14:51:31.553Z,2026-07-09T14:54:01.164Z
1783608693111,2026-07-09T00:00:00.000Z,08:21 pm,pack,cash,true,129,129,0,1,2026-07-09T14:51:33.325Z,2026-07-09T14:54:16.061Z
1783609490298,2026-07-09T00:00:00.000Z,08:34 pm,pack,upi,true,109,0,109,1,2026-07-09T15:04:51.693Z,2026-07-09T15:15:11.414Z
1783609791661,2026-07-09T00:00:00.000Z,08:39 pm,pack,upi,true,238,0,238,1,2026-07-09T15:09:52.015Z,2026-07-09T15:09:57.636Z
1783609829301,2026-07-09T00:00:00.000Z,08:40 pm,pack,upi,true,149,0,149,1,2026-07-09T15:10:30.656Z,2026-07-09T15:14:54.594Z
1783610119292,2026-07-09T00:00:00.000Z,08:45 pm,dine,upi,true,109,0,109,1,2026-07-09T15:15:19.649Z,2026-07-09T15:18:52.770Z
1783610128200,2026-07-09T00:00:00.000Z,08:45 pm,dine,cash,true,89,89,0,1,2026-07-09T15:15:28.545Z,2026-07-09T15:43:09.950Z
1783610359177,2026-07-09T00:00:00.000Z,08:49 pm,dine,cash,true,377,377,0,1,2026-07-09T15:19:19.533Z,2026-07-09T15:43:05.239Z
1783611799998,2026-07-09T00:00:00.000Z,09:13 pm,pack,cash,true,149,149,0,1,2026-07-09T15:43:20.219Z,2026-07-09T15:43:28.016Z
1783612051522,2026-07-09T00:00:00.000Z,09:17 pm,pack,upi,true,229,0,229,1,2026-07-09T15:47:31.884Z,2026-07-09T16:15:24.441Z
1783612310604,2026-07-09T00:00:00.000Z,09:21 pm,pack,upi,true,218,0,218,1,2026-07-09T15:51:51.939Z,2026-07-09T15:52:28.232Z
1783612319760,2026-07-09T00:00:00.000Z,09:21 pm,dine,upi,true,109,0,109,1,2026-07-09T15:51:59.974Z,2026-07-09T15:52:05.946Z
1783612339452,2026-07-09T00:00:00.000Z,09:22 pm,dine,upi,true,357,0,357,1,2026-07-09T15:52:19.666Z,2026-07-09T15:59:38.661Z
1783613094771,2026-07-09T00:00:00.000Z,09:34 pm,dine,upi,true,109,0,109,1,2026-07-09T16:04:56.118Z,2026-07-09T16:15:34.829Z
1783613107883,2026-07-09T00:00:00.000Z,09:35 pm,dine,upi,true,109,0,109,1,2026-07-09T16:05:08.114Z,2026-07-09T16:15:52.172Z
1783613839038,2026-07-09T00:00:00.000Z,09:47 pm,pack,cash,true,198,198,0,1,2026-07-09T16:17:19.396Z,2026-07-09T16:17:43.489Z
1783613861434,2026-07-09T00:00:00.000Z,09:47 pm,dine,upi,true,109,0,109,1,2026-07-09T16:17:41.660Z,2026-07-09T16:17:46.378Z
1783614512359,2026-07-09T00:00:00.000Z,09:58 pm,dine,upi,true,109,0,109,1,2026-07-09T16:28:33.664Z,2026-07-09T16:41:00.192Z
1783615246412,2026-07-09T00:00:00.000Z,10:10 pm,pack,split,true,109,10,99,1,2026-07-09T16:40:46.785Z,2026-07-09T16:41:02.013Z
1783616517796,2026-07-09T00:00:00.000Z,10:31 pm,pack,upi,true,189,0,189,1,2026-07-09T17:01:59.106Z,2026-07-09T17:02:38.659Z
1783617397052,2026-07-09T00:00:00.000Z,10:46 pm,pack,upi,true,139,0,139,1,2026-07-09T17:16:37.404Z,2026-07-09T17:16:40.143Z
1783618085084,2026-07-09T00:00:00.000Z,10:58 pm,pack,cash,true,110,110,0,1,2026-07-09T17:28:05.315Z,2026-07-09T17:28:07.711Z
1783618105238,2026-07-09T00:00:00.000Z,10:58 pm,dine,cash,true,60,60,0,1,2026-07-09T17:28:25.469Z,2026-07-09T17:33:15.673Z
1783618406812,2026-07-09T00:00:00.000Z,11:03 pm,dine,cash,true,123,123,0,1,2026-07-09T17:33:27.180Z,2026-07-09T17:40:28.957Z
1783685743391,2026-07-10T00:00:00.000Z,05:45 pm,pack,cash,true,178,178,0,1,2026-07-10T12:15:43.657Z,2026-07-10T13:08:48.197Z
1783685753595,2026-07-10T00:00:00.000Z,05:45 pm,dine,upi,true,129,0,129,1,2026-07-10T12:15:53.994Z,2026-07-10T13:08:48.677Z
1783688897624,2026-07-10T00:00:00.000Z,06:38 pm,pack,cash,true,50,50,0,1,2026-07-10T13:08:17.847Z,2026-07-10T13:08:52.761Z
1783688926722,2026-07-10T00:00:00.000Z,06:38 pm,dine,cash,true,50,50,0,1,2026-07-10T13:08:47.091Z,2026-07-10T13:08:52.130Z
1783689663921,2026-07-10T00:00:00.000Z,06:51 pm,pack,upi,true,308,0,308,1,2026-07-10T13:21:04.287Z,2026-07-10T13:26:05.827Z
1783689673807,2026-07-10T00:00:00.000Z,06:51 pm,dine,cash,true,129,129,0,1,2026-07-10T13:21:14.036Z,2026-07-10T13:26:03.761Z
1783689955258,2026-07-10T00:00:00.000Z,06:55 pm,dine,upi,true,129,0,129,1,2026-07-10T13:25:55.710Z,2026-07-10T13:37:52.458Z
1783691240661,2026-07-10T00:00:00.000Z,07:17 pm,dine,upi,true,130,0,130,1,2026-07-10T13:47:20.917Z,2026-07-10T13:52:13.933Z
1783691249024,2026-07-10T00:00:00.000Z,07:17 pm,dine,upi,true,129,0,129,1,2026-07-10T13:47:29.249Z,2026-07-10T13:55:55.888Z
1783691603381,2026-07-10T00:00:00.000Z,07:23 pm,pack,upi,true,109,0,109,1,2026-07-10T13:53:24.732Z,2026-07-10T13:55:56.482Z
1783692711461,2026-07-10T00:00:00.000Z,07:41 pm,pack,upi,true,130,0,130,1,2026-07-10T14:11:52.795Z,2026-07-10T14:13:35.445Z
1783692736967,2026-07-10T00:00:00.000Z,07:42 pm,pack,cash,true,110,110,0,1,2026-07-10T14:12:17.184Z,2026-07-10T14:13:37.285Z
1783692878391,2026-07-10T00:00:00.000Z,07:44 pm,dine,cash,true,60,60,0,1,2026-07-10T14:14:39.749Z,2026-07-10T14:22:05.354Z
1783693337387,2026-07-10T00:00:00.000Z,07:52 pm,dine,upi,true,109,0,109,1,2026-07-10T14:22:17.603Z,2026-07-10T14:37:42.098Z
1783693397653,2026-07-10T00:00:00.000Z,07:53 pm,dine,split,true,436,238,198,1,2026-07-10T14:23:19.062Z,2026-07-10T14:42:45.813Z
1783694256208,2026-07-10T00:00:00.000Z,08:07 pm,pack,cash,true,109,109,0,1,2026-07-10T14:37:37.601Z,2026-07-10T14:37:44.628Z
1783694327415,2026-07-10T00:00:00.000Z,08:08 pm,pack,upi,true,109,0,109,1,2026-07-10T14:38:47.777Z,2026-07-10T14:41:26.864Z
1783694575487,2026-07-10T00:00:00.000Z,08:12 pm,dine,cash,true,109,109,0,1,2026-07-10T14:42:55.837Z,2026-07-10T14:54:55.375Z
1783694594597,2026-07-10T00:00:00.000Z,08:13 pm,dine,cash,true,109,109,0,1,2026-07-10T14:43:15.023Z,2026-07-10T14:54:38.413Z
1783694859450,2026-07-10T00:00:00.000Z,08:17 pm,pack,upi,true,169,0,169,1,2026-07-10T14:47:40.782Z,2026-07-10T14:54:38.195Z
1783695287950,2026-07-10T00:00:00.000Z,08:24 pm,pack,cash,true,50,50,0,1,2026-07-10T14:54:48.186Z,2026-07-10T14:54:53.369Z
1783695529671,2026-07-10T00:00:00.000Z,08:28 pm,pack,upi,true,109,0,109,1,2026-07-10T14:58:51.052Z,2026-07-10T15:03:15.461Z
1783695536432,2026-07-10T00:00:00.000Z,08:28 pm,pack,upi,true,89,0,89,1,2026-07-10T14:58:56.792Z,2026-07-10T15:03:15.713Z
1783695804212,2026-07-10T00:00:00.000Z,08:33 pm,pack,upi,true,198,0,198,1,2026-07-10T15:03:24.561Z,2026-07-10T15:03:27.193Z
1783696749433,2026-07-10T00:00:00.000Z,08:49 pm,pack,upi,true,218,0,218,1,2026-07-10T15:19:10.826Z,2026-07-10T15:19:28.933Z
1783696753810,2026-07-10T00:00:00.000Z,08:49 pm,pack,cash,true,89,89,0,1,2026-07-10T15:19:14.027Z,2026-07-10T15:19:30.868Z
1783696762748,2026-07-10T00:00:00.000Z,08:49 pm,dine,upi,true,129,0,129,1,2026-07-10T15:19:22.964Z,2026-07-10T15:21:45.474Z
1783696857221,2026-07-10T00:00:00.000Z,08:50 pm,pack,upi,true,150,0,150,1,2026-07-10T15:20:58.563Z,2026-07-10T15:21:46.627Z
1783697288287,2026-07-10T00:00:00.000Z,08:58 pm,pack,upi,true,179,0,179,1,2026-07-10T15:28:08.502Z,2026-07-10T15:28:44.469Z
1783697297475,2026-07-10T00:00:00.000Z,08:58 pm,pack,cash,true,109,109,0,1,2026-07-10T15:28:17.678Z,2026-07-10T15:28:21.246Z
1783697321453,2026-07-10T00:00:00.000Z,08:58 pm,pack,upi,true,198,0,198,1,2026-07-10T15:28:41.720Z,2026-07-10T15:28:49.501Z
1783698189153,2026-07-10T00:00:00.000Z,09:13 pm,dine,cash,true,109,109,0,1,2026-07-10T15:43:10.499Z,2026-07-10T15:47:56.345Z
1783698191808,2026-07-10T00:00:00.000Z,09:13 pm,dine,upi,true,109,0,109,1,2026-07-10T15:43:12.023Z,2026-07-10T15:47:56.357Z
1783698209490,2026-07-10T00:00:00.000Z,09:13 pm,pack,split,true,140,50,90,1,2026-07-10T15:43:29.705Z,2026-07-10T15:45:09.686Z
1783699110396,2026-07-10T00:00:00.000Z,09:28 pm,pack,cash,true,169,169,0,1,2026-07-10T15:58:31.854Z,2026-07-10T15:58:41.237Z
1783699117835,2026-07-10T00:00:00.000Z,09:28 pm,pack,upi,true,258,0,258,1,2026-07-10T15:58:38.103Z,2026-07-10T15:58:40.598Z
1783699129929,2026-07-10T00:00:00.000Z,09:28 pm,dine,cash,true,109,109,0,1,2026-07-10T15:58:50.158Z,2026-07-10T16:03:51.999Z
1783699140582,2026-07-10T00:00:00.000Z,09:29 pm,dine,cash,true,60,60,0,1,2026-07-10T15:59:00.806Z,2026-07-10T16:06:21.698Z
1783699415629,2026-07-10T00:00:00.000Z,09:33 pm,pack,upi,true,109,0,109,1,2026-07-10T16:03:36.988Z,2026-07-10T16:03:47.889Z
1783699619024,2026-07-10T00:00:00.000Z,09:36 pm,pack,upi,true,218,0,218,1,2026-07-10T16:07:00.390Z,2026-07-10T16:07:04.967Z
1783701154307,2026-07-10T00:00:00.000Z,10:02 pm,dine,upi,true,109,0,109,1,2026-07-10T16:32:34.538Z,2026-07-10T16:32:38.668Z
1783701165655,2026-07-10T00:00:00.000Z,10:02 pm,dine,cash,true,60,60,0,1,2026-07-10T16:32:45.876Z,2026-07-10T16:39:00.426Z
1783701289048,2026-07-10T00:00:00.000Z,10:04 pm,dine,cash,true,109,109,0,1,2026-07-10T16:34:50.419Z,2026-07-10T16:39:00.446Z
1783701849004,2026-07-10T00:00:00.000Z,10:14 pm,pack,cash,true,129,129,0,1,2026-07-10T16:44:09.346Z,2026-07-10T16:44:34.841Z
1783701861620,2026-07-10T00:00:00.000Z,10:14 pm,pack,cash,true,89,89,0,1,2026-07-10T16:44:21.978Z,2026-07-10T16:44:34.160Z
1783701867450,2026-07-10T00:00:00.000Z,10:14 pm,pack,upi,true,89,0,89,1,2026-07-10T16:44:27.673Z,2026-07-10T16:44:33.259Z
1783702629714,2026-07-10T00:00:00.000Z,10:27 pm,dine,cash,true,60,60,0,1,2026-07-10T16:57:10.044Z,2026-07-10T16:57:17.812Z
1783703132773,2026-07-10T00:00:00.000Z,10:35 pm,dine,cash,true,109,109,0,1,2026-07-10T17:05:32.986Z,2026-07-10T17:12:07.732Z
1783703156901,2026-07-10T00:00:00.000Z,10:35 pm,dine,cash,true,109,109,0,1,2026-07-10T17:05:57.126Z,2026-07-10T17:12:06.439Z
1783704111698,2026-07-10T00:00:00.000Z,10:51 pm,dine,cash,true,149,149,0,1,2026-07-10T17:21:53.006Z,2026-07-10T17:53:45.568Z
1783772966125,2026-07-11T00:00:00.000Z,05:59 pm,dine,upi,true,109,0,109,1,2026-07-11T12:29:27.504Z,2026-07-11T12:29:40.622Z
1783772974367,2026-07-11T00:00:00.000Z,05:59 pm,pack,cash,true,198,198,0,1,2026-07-11T12:29:34.757Z,2026-07-11T12:29:40.074Z
1783773350883,2026-07-11T00:00:00.000Z,06:05 pm,pack,cash,true,109,109,0,1,2026-07-11T12:35:52.182Z,2026-07-11T12:35:55.809Z
1783773833154,2026-07-10T00:00:00.000Z,06:13 pm,dine,pending,false,89,0,0,1,2026-07-11T12:43:53.541Z,
1783773834768,2026-07-10T00:00:00.000Z,06:13 pm,pack,pending,false,150,0,0,1,2026-07-11T12:43:55.109Z,
1783773836026,2026-07-10T00:00:00.000Z,06:13 pm,dine,pending,false,109,0,0,1,2026-07-11T12:43:56.247Z,
1783774721652,2026-07-11T00:00:00.000Z,06:28 pm,pack,upi,true,109,0,109,1,2026-07-11T12:58:42.074Z,2026-07-11T12:58:44.018Z
1783775383587,2026-07-11T00:00:00.000Z,06:39 pm,dine,upi,true,109,0,109,1,2026-07-11T13:09:43.953Z,2026-07-11T13:09:48.042Z
1783776344334,2026-07-11T00:00:00.000Z,06:55 pm,dine,upi,true,109,0,109,1,2026-07-11T13:25:44.556Z,2026-07-11T13:30:12.178Z
1783776348314,2026-07-11T00:00:00.000Z,06:55 pm,dine,cash,true,109,109,0,1,2026-07-11T13:25:48.532Z,2026-07-11T13:28:20.799Z
1783776352616,2026-07-11T00:00:00.000Z,06:55 pm,pack,cash,true,89,89,0,1,2026-07-11T13:25:52.834Z,2026-07-11T13:25:56.186Z
1783776376607,2026-07-11T00:00:00.000Z,06:56 pm,pack,cash,true,60,60,0,1,2026-07-11T13:26:17.972Z,2026-07-11T13:28:23.059Z
1783776586860,2026-07-11T00:00:00.000Z,06:59 pm,pack,cash,true,109,109,0,1,2026-07-11T13:29:48.206Z,2026-07-11T13:30:13.722Z
1783776626598,2026-07-11T00:00:00.000Z,07:00 pm,pack,cash,true,496,496,0,1,2026-07-11T13:30:26.821Z,2026-07-11T13:44:41.497Z
1783777544669,2026-07-11T00:00:00.000Z,07:15 pm,pack,upi,true,178,0,178,1,2026-07-11T13:45:45.982Z,2026-07-11T13:46:38.356Z
1783777644504,2026-07-11T00:00:00.000Z,07:17 pm,dine,upi,true,130,0,130,1,2026-07-11T13:47:24.845Z,2026-07-11T13:47:29.755Z
1783777671735,2026-07-11T00:00:00.000Z,07:17 pm,pack,upi,true,198,0,198,1,2026-07-11T13:47:51.953Z,2026-07-11T13:58:42.235Z
1783778317109,2026-07-11T00:00:00.000Z,07:28 pm,pack,upi,true,109,0,109,1,2026-07-11T13:58:37.318Z,2026-07-11T13:58:42.749Z
1783778328143,2026-07-11T00:00:00.000Z,07:28 pm,dine,upi,true,109,0,109,1,2026-07-11T13:58:48.351Z,2026-07-11T14:06:42.525Z
1783778336625,2026-07-11T00:00:00.000Z,07:28 pm,pack,upi,true,149,0,149,1,2026-07-11T13:58:56.832Z,2026-07-11T14:03:43.959Z
1783779364131,2026-07-11T00:00:00.000Z,07:46 pm,pack,cash,true,218,218,0,1,2026-07-11T14:16:05.407Z,2026-07-11T14:16:38.662Z
1783779371409,2026-07-11T00:00:00.000Z,07:46 pm,pack,cash,true,89,89,0,1,2026-07-11T14:16:11.612Z,2026-07-11T14:16:42.482Z
1783779390453,2026-07-11T00:00:00.000Z,07:46 pm,dine,cash,true,109,109,0,1,2026-07-11T14:16:30.656Z,2026-07-11T14:16:34.156Z
1783779563917,2026-07-11T00:00:00.000Z,07:49 pm,dine,cash,true,89,89,0,1,2026-07-11T14:19:24.120Z,2026-07-11T14:22:00.023Z
1783779572099,2026-07-11T00:00:00.000Z,07:49 pm,pack,upi,true,109,0,109,1,2026-07-11T14:19:32.325Z,2026-07-11T14:19:37.875Z
1783779734869,2026-07-11T00:00:00.000Z,07:52 pm,dine,cash,true,89,89,0,1,2026-07-11T14:22:15.209Z,2026-07-11T14:22:18.213Z
1783779787100,2026-07-11T00:00:00.000Z,07:53 pm,dine,cash,true,367,367,0,1,2026-07-11T14:23:08.470Z,2026-07-11T14:41:09.149Z
1783779968551,2026-07-11T00:00:00.000Z,07:56 pm,dine,upi,true,50,0,50,1,2026-07-11T14:26:09.929Z,2026-07-11T14:31:49.975Z
1783780300463,2026-07-11T00:00:00.000Z,08:01 pm,pack,upi,true,109,0,109,1,2026-07-11T14:31:40.810Z,2026-07-11T14:31:53.467Z
1783780342136,2026-07-11T00:00:00.000Z,08:02 pm,dine,cash,true,89,89,0,1,2026-07-11T14:32:23.423Z,2026-07-11T14:36:09.549Z
1783781214526,2026-07-11T00:00:00.000Z,08:16 pm,pack,cash,true,110,110,0,1,2026-07-11T14:46:54.853Z,2026-07-11T14:47:30.236Z
1783781259165,2026-07-11T00:00:00.000Z,08:17 pm,dine,upi,true,149,0,149,1,2026-07-11T14:47:40.471Z,2026-07-11T14:58:01.512Z
1783781307744,2026-07-11T00:00:00.000Z,08:18 pm,pack,cash,true,109,109,0,1,2026-07-11T14:48:27.957Z,2026-07-11T14:48:30.280Z
1783781373161,2026-07-11T00:00:00.000Z,08:19 pm,pack,upi,true,377,0,377,1,2026-07-11T14:49:34.437Z,2026-07-11T15:02:05.731Z
1783781894814,2026-07-11T00:00:00.000Z,08:28 pm,dine,cash,true,219,219,0,1,2026-07-11T14:58:15.143Z,2026-07-11T15:10:11.098Z
1783782131547,2026-07-11T00:00:00.000Z,08:32 pm,pack,cash,true,198,198,0,1,2026-07-11T15:02:11.938Z,2026-07-11T15:10:11.736Z
1783783074570,2026-07-11T00:00:00.000Z,08:47 pm,pack,cash,true,416,416,0,1,2026-07-11T15:17:55.882Z,2026-07-11T15:22:34.203Z
1783783089233,2026-07-11T00:00:00.000Z,08:48 pm,dine,upi,true,109,0,109,1,2026-07-11T15:18:09.462Z,2026-07-11T15:26:58.005Z
1783783111714,2026-07-11T00:00:00.000Z,08:48 pm,dine,upi,true,205,0,205,1,2026-07-11T15:18:31.929Z,2026-07-11T15:38:22.435Z
1783783817333,2026-07-11T00:00:00.000Z,09:00 pm,pack,cash,true,198,198,0,1,2026-07-11T15:30:17.681Z,2026-07-11T15:34:17.809Z
1783783818722,2026-07-11T00:00:00.000Z,09:00 pm,dine,cash,true,50,50,0,1,2026-07-11T15:30:18.938Z,2026-07-11T15:34:18.324Z
1783783819831,2026-07-11T00:00:00.000Z,09:00 pm,pack,upi,true,129,0,129,1,2026-07-11T15:30:20.047Z,2026-07-11T15:32:28.049Z
1783783820812,2026-07-11T00:00:00.000Z,09:00 pm,dine,cash,true,129,129,0,1,2026-07-11T15:30:21.035Z,2026-07-11T15:32:31.300Z
1783783821808,2026-07-11T00:00:00.000Z,09:00 pm,pack,upi,true,377,0,377,1,2026-07-11T15:30:22.024Z,2026-07-11T15:32:11.717Z
1783783828132,2026-07-11T00:00:00.000Z,09:00 pm,pack,cash,true,109,109,0,1,2026-07-11T15:30:28.348Z,2026-07-11T15:32:32.035Z
1783783893652,2026-07-11T00:00:00.000Z,09:01 pm,pack,upi,true,200,0,200,1,2026-07-11T15:31:34.944Z,2026-07-11T15:32:07.633Z
1783784389084,2026-07-11T00:00:00.000Z,09:09 pm,dine,split,true,258,8,250,1,2026-07-11T15:39:50.389Z,2026-07-11T16:03:34.043Z
1783785393843,2026-07-11T00:00:00.000Z,09:26 pm,pack,upi,true,129,0,129,1,2026-07-11T15:56:35.143Z,2026-07-11T15:57:00.515Z
1783785572401,2026-07-11T00:00:00.000Z,09:29 pm,dine,upi,true,109,0,109,1,2026-07-11T15:59:33.839Z,2026-07-11T16:05:07.365Z
1783786153680,2026-07-11T00:00:00.000Z,09:39 pm,pack,upi,true,218,0,218,1,2026-07-11T16:09:14.997Z,2026-07-11T16:09:25.731Z
1783786161081,2026-07-11T00:00:00.000Z,09:39 pm,pack,upi,true,109,0,109,1,2026-07-11T16:09:21.291Z,2026-07-11T16:09:24.889Z
1783786453018,2026-07-11T00:00:00.000Z,09:44 pm,pack,cash,true,109,109,0,1,2026-07-11T16:14:14.271Z,2026-07-11T16:14:28.636Z
1783786459439,2026-07-11T00:00:00.000Z,09:44 pm,dine,upi,true,109,0,109,1,2026-07-11T16:14:19.778Z,2026-07-11T16:16:19.206Z
1783787072372,2026-07-11T00:00:00.000Z,09:54 pm,pack,cash,true,114,114,0,1,2026-07-11T16:24:33.730Z,2026-07-11T16:28:02.900Z
1783787287476,2026-07-11T00:00:00.000Z,09:58 pm,dine,cash,true,109,109,0,1,2026-07-11T16:28:07.822Z,2026-07-11T16:35:38.072Z
1783787288683,2026-07-11T00:00:00.000Z,09:58 pm,pack,cash,true,238,238,0,1,2026-07-11T16:28:08.901Z,2026-07-11T16:35:34.471Z
1783787289961,2026-07-11T00:00:00.000Z,09:58 pm,pack,cash,true,238,238,0,1,2026-07-11T16:28:10.179Z,2026-07-11T16:35:33.887Z
1783787718973,2026-07-11T00:00:00.000Z,10:05 pm,pack,upi,true,109,0,109,1,2026-07-11T16:35:19.299Z,2026-07-11T16:35:33.382Z
1783787731385,2026-07-11T00:00:00.000Z,10:05 pm,dine,upi,true,60,0,60,1,2026-07-11T16:35:31.768Z,2026-07-11T16:48:44.038Z
1783788514539,2026-07-11T00:00:00.000Z,10:18 pm,dine,upi,true,109,0,109,1,2026-07-11T16:48:35.845Z,2026-07-11T16:48:44.327Z
1783860746261,2026-07-12T00:00:00.000Z,06:22 pm,pack,cash,true,198,198,0,1,2026-07-12T12:52:27.660Z,2026-07-12T12:52:38.173Z
1783860748170,2026-07-12T00:00:00.000Z,06:22 pm,dine,upi,true,60,0,60,1,2026-07-12T12:52:29.345Z,2026-07-12T12:52:37.463Z
1783860753311,2026-07-12T00:00:00.000Z,06:22 pm,pack,upi,true,109,0,109,1,2026-07-12T12:52:33.711Z,2026-07-12T12:52:36.515Z
1783860982920,2026-07-12T00:00:00.000Z,06:26 pm,pack,cash,true,149,149,0,1,2026-07-12T12:56:23.144Z,2026-07-12T13:01:58.249Z
1783860999855,2026-07-12T00:00:00.000Z,06:26 pm,dine,upi,true,129,0,129,1,2026-07-12T12:56:40.081Z,2026-07-12T13:32:13.526Z
1783861302585,2026-07-12T00:00:00.000Z,06:31 pm,pack,cash,true,89,89,0,1,2026-07-12T13:01:43.953Z,2026-07-12T13:01:49.567Z
1783863730272,2026-07-12T00:00:00.000Z,07:12 pm,pack,cash,true,129,129,0,1,2026-07-12T13:42:10.637Z,2026-07-12T13:47:52.400Z
1783864207284,2026-07-12T00:00:00.000Z,07:20 pm,pack,cash,true,109,109,0,1,2026-07-12T13:50:07.639Z,2026-07-12T13:50:13.173Z
1783864429961,2026-07-12T00:00:00.000Z,07:23 pm,dine,cash,true,537,537,0,1,2026-07-12T13:53:50.310Z,2026-07-12T14:10:36.689Z
1783864725089,2026-07-12T00:00:00.000Z,07:28 pm,pack,upi,true,109,0,109,1,2026-07-12T13:58:46.384Z,2026-07-12T14:03:28.917Z
1783865443413,2026-07-12T00:00:00.000Z,07:40 pm,pack,upi,true,89,0,89,1,2026-07-12T14:10:43.735Z,2026-07-12T14:11:01.755Z
1783865455176,2026-07-12T00:00:00.000Z,07:40 pm,pack,upi,true,129,0,129,1,2026-07-12T14:10:55.379Z,2026-07-12T14:15:06.203Z
1783865616119,2026-07-12T00:00:00.000Z,07:43 pm,pack,cash,true,60,60,0,1,2026-07-12T14:13:37.474Z,2026-07-12T14:15:02.137Z
1783865642444,2026-07-12T00:00:00.000Z,07:44 pm,pack,upi,true,109,0,109,1,2026-07-12T14:14:02.668Z,2026-07-12T14:15:04.509Z
1783866000357,2026-07-12T00:00:00.000Z,07:50 pm,pack,upi,true,258,0,258,1,2026-07-12T14:20:01.679Z,2026-07-12T14:37:35.014Z
1783866336765,2026-07-12T00:00:00.000Z,07:55 pm,pack,split,true,109,9,100,1,2026-07-12T14:25:38.067Z,2026-07-12T14:30:46.022Z
1783866649860,2026-07-12T00:00:00.000Z,08:00 pm,pack,cash,true,109,109,0,1,2026-07-12T14:30:51.221Z,2026-07-12T14:35:46.043Z
1783867067437,2026-07-12T00:00:00.000Z,08:07 pm,pack,cash,true,98,98,0,1,2026-07-12T14:37:47.764Z,2026-07-12T14:37:50.512Z
1783867760023,2026-07-12T00:00:00.000Z,08:19 pm,pack,upi,true,109,0,109,1,2026-07-12T14:49:21.386Z,2026-07-12T14:49:29.171Z
1783867764083,2026-07-12T00:00:00.000Z,08:19 pm,dine,upi,true,109,0,109,1,2026-07-12T14:49:24.303Z,2026-07-12T14:56:24.342Z
1783868193161,2026-07-12T00:00:00.000Z,08:26 pm,pack,upi,true,109,0,109,1,2026-07-12T14:56:33.656Z,2026-07-12T15:04:16.058Z
1783868502317,2026-07-12T00:00:00.000Z,08:31 pm,pack,upi,true,109,0,109,1,2026-07-12T15:01:43.738Z,2026-07-12T15:12:51.681Z
1783868510071,2026-07-12T00:00:00.000Z,08:31 pm,dine,upi,true,50,0,50,1,2026-07-12T15:01:50.301Z,2026-07-12T15:04:13.739Z
1783869178551,2026-07-12T00:00:00.000Z,08:42 pm,dine,upi,true,89,0,89,1,2026-07-12T15:12:59.965Z,2026-07-12T15:15:54.445Z
1783869182427,2026-07-12T00:00:00.000Z,08:43 pm,pack,cash,true,198,198,0,1,2026-07-12T15:13:02.649Z,2026-07-12T15:15:50.081Z
1783869360406,2026-07-12T00:00:00.000Z,08:46 pm,dine,upi,true,218,0,218,1,2026-07-12T15:16:00.757Z,2026-07-12T15:36:51.265Z
1783869367244,2026-07-12T00:00:00.000Z,08:46 pm,dine,pending,true,496,0,0,1,2026-07-12T15:16:07.465Z,2026-07-12T15:23:32.664Z
1783870054040,2026-07-12T00:00:00.000Z,08:57 pm,dine,cash,true,50,50,0,1,2026-07-12T15:27:35.373Z,2026-07-12T15:28:34.296Z
1783870109964,2026-07-12T00:00:00.000Z,08:58 pm,pack,upi,true,129,0,129,1,2026-07-12T15:28:30.447Z,2026-07-12T15:28:32.909Z
1783870620474,2026-07-12T00:00:00.000Z,09:07 pm,dine,cash,true,70,70,0,1,2026-07-12T15:37:00.842Z,2026-07-12T15:42:19.514Z
1783870837552,2026-07-12T00:00:00.000Z,09:10 pm,dine,upi,true,109,0,109,1,2026-07-12T15:40:38.890Z,2026-07-12T15:51:10.382Z
1783870841850,2026-07-12T00:00:00.000Z,09:10 pm,pack,upi,true,132,0,132,1,2026-07-12T15:40:42.078Z,2026-07-12T15:42:18.664Z
1783871226925,2026-07-12T00:00:00.000Z,09:17 pm,pack,upi,true,169,0,169,1,2026-07-12T15:47:08.271Z,2026-07-12T15:47:19.505Z
1783871390523,2026-07-12T00:00:00.000Z,09:19 pm,dine,upi,true,109,0,109,1,2026-07-12T15:49:51.875Z,2026-07-12T15:56:32.804Z
1783871791475,2026-07-12T00:00:00.000Z,09:26 pm,dine,cash,true,109,109,0,1,2026-07-12T15:56:32.839Z,2026-07-12T16:03:59.152Z
1783871883450,2026-07-12T00:00:00.000Z,09:28 pm,pack,cash,true,324,324,0,1,2026-07-12T15:58:04.795Z,2026-07-12T16:13:57.103Z
1783872620775,2026-07-12T00:00:00.000Z,09:40 pm,dine,cash,true,89,89,0,1,2026-07-12T16:10:21.107Z,2026-07-12T16:11:14.070Z
1783872621148,2026-07-12T00:00:00.000Z,09:40 pm,dine,cash,true,89,89,0,1,2026-07-12T16:10:21.488Z,2026-07-12T16:11:15.781Z
1783872622508,2026-07-12T00:00:00.000Z,09:40 pm,dine,cash,true,50,50,0,1,2026-07-12T16:10:22.719Z,2026-07-12T16:11:16.959Z
1783872622879,2026-07-12T00:00:00.000Z,09:40 pm,dine,cash,true,50,50,0,1,2026-07-12T16:10:23.085Z,2026-07-12T16:11:19.000Z
1783872624149,2026-07-12T00:00:00.000Z,09:40 pm,pack,pending,false,109,0,0,1,2026-07-12T16:10:24.356Z,
1783872624496,2026-07-12T00:00:00.000Z,09:40 pm,pack,pending,false,109,0,0,1,2026-07-12T16:10:24.705Z,
1783872625285,2026-07-12T00:00:00.000Z,09:40 pm,dine,upi,true,109,0,109,1,2026-07-12T16:10:25.495Z,2026-07-12T16:11:22.529Z
1783872625525,2026-07-12T00:00:00.000Z,09:40 pm,dine,upi,true,109,0,109,1,2026-07-12T16:10:25.731Z,2026-07-12T16:11:23.690Z
1783872627057,2026-07-12T00:00:00.000Z,09:40 pm,dine,pending,false,109,0,0,1,2026-07-12T16:10:27.267Z,
1783872627146,2026-07-12T00:00:00.000Z,09:40 pm,dine,pending,false,109,0,0,1,2026-07-12T16:10:27.351Z,
1783872628175,2026-07-12T00:00:00.000Z,09:40 pm,dine,pending,false,159,0,0,1,2026-07-12T16:10:28.382Z,
1783872628177,2026-07-12T00:00:00.000Z,09:40 pm,dine,pending,false,159,0,0,1,2026-07-12T16:10:28.388Z,
1783872853013,2026-07-12T00:00:00.000Z,09:44 pm,pack,cash,true,89,89,0,1,2026-07-12T16:14:13.361Z,2026-07-12T16:14:16.897Z
1783945891878,2026-07-13T00:00:00.000Z,06:01 pm,pack,upi,true,268,0,268,1,2026-07-13T12:31:32.267Z,2026-07-13T12:55:32.181Z
1783947330643,2026-07-13T00:00:00.000Z,06:25 pm,dine,upi,true,60,0,60,1,2026-07-13T12:55:32.038Z,2026-07-13T12:55:34.953Z
1783948979254,2026-07-13T00:00:00.000Z,06:52 pm,dine,upi,true,89,0,89,1,2026-07-13T13:23:00.621Z,2026-07-13T13:28:09.698Z
1783949287283,2026-07-13T00:00:00.000Z,06:58 pm,dine,cash,true,50,50,0,1,2026-07-13T13:28:08.403Z,2026-07-13T13:28:21.305Z
1783949299613,2026-07-13T00:00:00.000Z,06:58 pm,dine,upi,true,218,0,218,1,2026-07-13T13:28:19.942Z,2026-07-13T13:28:23.600Z
1783950176748,2026-07-13T00:00:00.000Z,07:12 pm,dine,upi,true,89,0,89,1,2026-07-13T13:42:57.254Z,2026-07-13T13:43:01.909Z
1783951014406,2026-07-13T00:00:00.000Z,07:26 pm,pack,cash,true,152,152,0,1,2026-07-13T13:56:55.783Z,2026-07-13T13:57:00.601Z
1783951028479,2026-07-13T00:00:00.000Z,07:27 pm,dine,cash,true,264,264,0,1,2026-07-13T13:57:08.882Z,2026-07-13T14:14:45.461Z
1783951460014,2026-07-13T00:00:00.000Z,07:34 pm,dine,upi,true,89,0,89,1,2026-07-13T14:04:21.318Z,2026-07-13T14:07:27.587Z
1783951677833,2026-07-13T00:00:00.000Z,07:37 pm,dine,upi,true,109,0,109,1,2026-07-13T14:07:58.183Z,2026-07-13T14:14:46.177Z
1783953062176,2026-07-13T00:00:00.000Z,08:01 pm,pack,upi,true,129,0,129,1,2026-07-13T14:31:02.409Z,2026-07-13T14:31:05.546Z
1783953817966,2026-07-13T00:00:00.000Z,08:13 pm,dine,upi,true,159,0,159,1,2026-07-13T14:43:39.339Z,2026-07-13T14:49:19.342Z
1783953821854,2026-07-13T00:00:00.000Z,08:13 pm,dine,cash,true,109,109,0,1,2026-07-13T14:43:42.078Z,2026-07-13T14:49:21.796Z
1783955168637,2026-07-13T00:00:00.000Z,08:36 pm,dine,upi,true,109,0,109,1,2026-07-13T15:06:08.854Z,2026-07-13T15:06:12.217Z
1783956831483,2026-07-13T00:00:00.000Z,09:03 pm,dine,cash,true,89,89,0,1,2026-07-13T15:33:52.816Z,2026-07-13T15:39:41.434Z
1783957185436,2026-07-13T00:00:00.000Z,09:09 pm,pack,upi,true,109,0,109,1,2026-07-13T15:39:46.659Z,2026-07-13T15:41:17.985Z
1783957282962,2026-07-13T00:00:00.000Z,09:11 pm,dine,cash,true,120,120,0,1,2026-07-13T15:41:23.345Z,2026-07-13T15:46:00.680Z
1783957465905,2026-07-13T00:00:00.000Z,09:14 pm,dine,cash,true,50,50,0,1,2026-07-13T15:44:27.235Z,2026-07-13T15:48:38.445Z
1783957711052,2026-07-13T00:00:00.000Z,09:18 pm,pack,cash,true,50,50,0,1,2026-07-13T15:48:32.363Z,2026-07-13T15:48:37.083Z
1783958156298,2026-07-13T00:00:00.000Z,09:25 pm,pack,cash,true,89,89,0,1,2026-07-13T15:55:57.591Z,2026-07-13T15:59:11.257Z
1783958170392,2026-07-13T00:00:00.000Z,09:26 pm,pack,cash,true,189,179,0,1,2026-07-13T15:56:10.609Z,2026-07-13T15:59:08.955Z
1783958701322,2026-07-13T00:00:00.000Z,09:35 pm,pack,split,true,109,10,99,1,2026-07-13T16:05:02.638Z,2026-07-13T16:09:03.236Z
1783958939990,2026-07-13T00:00:00.000Z,09:38 pm,pack,cash,true,89,89,0,1,2026-07-13T16:09:00.331Z,2026-07-13T16:09:03.341Z
1783959383552,2026-07-13T00:00:00.000Z,09:46 pm,dine,upi,true,129,0,129,1,2026-07-13T16:16:23.905Z,2026-07-13T16:24:26.594Z
1783959868066,2026-07-13T00:00:00.000Z,09:54 pm,pack,cash,true,109,109,0,1,2026-07-13T16:24:28.393Z,2026-07-13T16:30:45.222Z
1783959891770,2026-07-13T00:00:00.000Z,09:54 pm,dine,upi,true,149,0,149,1,2026-07-13T16:24:52.110Z,2026-07-13T16:30:44.410Z
1783960250603,2026-07-13T00:00:00.000Z,10:00 pm,pack,cash,true,89,89,0,1,2026-07-13T16:30:50.943Z,2026-07-13T16:37:17.514Z
1783960264475,2026-07-13T00:00:00.000Z,10:01 pm,pack,upi,true,109,0,109,1,2026-07-13T16:31:04.818Z,2026-07-13T16:32:15.462Z
1783960660730,2026-07-13T00:00:00.000Z,10:07 pm,pack,upi,true,108,0,108,1,2026-07-13T16:37:41.062Z,2026-07-13T16:38:30.324Z
1783960708693,2026-07-13T00:00:00.000Z,10:08 pm,pack,upi,true,109,0,109,1,2026-07-13T16:38:30.111Z,2026-07-13T16:45:22.841Z
1783962181974,2026-07-13T00:00:00.000Z,10:33 pm,dine,cash,true,109,109,0,1,2026-07-13T17:03:02.197Z,2026-07-13T17:05:23.900Z
1783962187844,2026-07-13T00:00:00.000Z,10:33 pm,pack,upi,true,109,0,109,1,2026-07-13T17:03:08.056Z,2026-07-13T17:05:24.046Z
1784030774407,2026-07-14T00:00:00.000Z,05:36 pm,pack,cash,true,89,89,0,1,2026-07-14T12:06:14.685Z,2026-07-14T12:20:59.479Z
1784030787874,2026-07-14T00:00:00.000Z,05:36 pm,pack,upi,true,149,0,149,1,2026-07-14T12:06:28.256Z,2026-07-14T12:20:56.984Z
1784030809905,2026-07-14T00:00:00.000Z,05:36 pm,pack,upi,true,109,0,109,1,2026-07-14T12:06:50.333Z,2026-07-14T12:21:01.534Z
1784030833239,2026-07-14T00:00:00.000Z,05:37 pm,dine,upi,true,109,0,109,1,2026-07-14T12:07:13.476Z,2026-07-14T12:20:56.371Z
1784031482143,2026-07-14T00:00:00.000Z,05:48 pm,dine,cash,true,50,50,0,1,2026-07-14T12:18:02.518Z,2026-07-14T12:20:58.670Z
1784031489446,2026-07-14T00:00:00.000Z,05:48 pm,pack,cash,true,50,50,0,1,2026-07-14T12:18:09.823Z,2026-07-14T12:21:01.120Z
1784031674357,2026-07-14T00:00:00.000Z,05:51 pm,dine,upi,true,109,0,109,1,2026-07-14T12:21:14.749Z,2026-07-14T12:39:50.284Z
1784033226259,2026-07-14T00:00:00.000Z,06:17 pm,pack,cash,true,307,307,0,1,2026-07-14T12:47:07.634Z,2026-07-14T12:47:38.573Z
1784033230724,2026-07-14T00:00:00.000Z,06:17 pm,pack,cash,true,109,109,0,1,2026-07-14T12:47:11.118Z,2026-07-14T12:47:38.567Z
1784033244167,2026-07-14T00:00:00.000Z,06:17 pm,pack,upi,true,130,0,130,1,2026-07-14T12:47:24.417Z,2026-07-14T12:47:35.774Z
1784033695775,2026-07-14T00:00:00.000Z,06:24 pm,pack,upi,true,109,0,109,1,2026-07-14T12:54:56.136Z,2026-07-14T12:55:39.771Z
1784033716893,2026-07-14T00:00:00.000Z,06:25 pm,pack,upi,true,178,0,178,1,2026-07-14T12:55:17.279Z,2026-07-14T13:01:09.559Z
1784034085878,2026-07-14T00:00:00.000Z,06:31 pm,pack,split,true,109,100,9,1,2026-07-14T13:01:26.235Z,2026-07-14T13:03:55.206Z
1784034641705,2026-07-14T00:00:00.000Z,06:40 pm,dine,cash,true,108,108,0,1,2026-07-14T13:10:43.080Z,2026-07-14T13:18:01.465Z
1784034997856,2026-07-14T00:00:00.000Z,06:46 pm,pack,upi,true,235,0,235,1,2026-07-14T13:16:38.101Z,2026-07-14T13:17:41.242Z
1784035006186,2026-07-14T00:00:00.000Z,06:46 pm,dine,upi,true,109,0,109,1,2026-07-14T13:16:46.426Z,2026-07-14T13:23:31.797Z
1784035424523,2026-07-14T00:00:00.000Z,06:53 pm,dine,upi,true,60,0,60,1,2026-07-14T13:23:45.982Z,2026-07-14T13:31:41.427Z
1784035560086,2026-07-14T00:00:00.000Z,06:56 pm,pack,upi,true,149,0,149,1,2026-07-14T13:26:00.440Z,2026-07-14T13:34:34.103Z
1784035595122,2026-07-14T00:00:00.000Z,06:56 pm,pack,upi,true,109,0,109,1,2026-07-14T13:26:35.397Z,2026-07-14T13:31:36.735Z
1784036942641,2026-07-14T00:00:00.000Z,07:19 pm,dine,upi,true,60,0,60,1,2026-07-14T13:49:04.011Z,2026-07-14T13:49:52.322Z
1784036948281,2026-07-14T00:00:00.000Z,07:19 pm,pack,cash,true,178,178,0,1,2026-07-14T13:49:08.505Z,2026-07-14T13:49:18.426Z
1784036952620,2026-07-14T00:00:00.000Z,07:19 pm,pack,cash,true,109,109,0,1,2026-07-14T13:49:12.845Z,2026-07-14T13:49:16.838Z
1784038379190,2026-07-14T00:00:00.000Z,07:42 pm,pack,upi,true,89,0,89,1,2026-07-14T14:13:00.564Z,2026-07-14T14:13:37.344Z
1784038403929,2026-07-14T00:00:00.000Z,07:43 pm,dine,cash,true,70,70,0,1,2026-07-14T14:13:24.144Z,2026-07-14T14:20:43.046Z
1784038425628,2026-07-14T00:00:00.000Z,07:43 pm,dine,upi,true,109,0,109,1,2026-07-14T14:13:45.841Z,2026-07-14T14:20:41.118Z
1784038640061,2026-07-14T00:00:00.000Z,07:47 pm,pack,cash,true,327,327,0,1,2026-07-14T14:17:21.468Z,2026-07-14T14:20:46.973Z
1784038857700,2026-07-14T00:00:00.000Z,07:50 pm,pack,cash,true,327,327,0,1,2026-07-14T14:20:57.936Z,2026-07-14T14:21:06.705Z
1784038860173,2026-07-14T00:00:00.000Z,07:51 pm,dine,cash,true,159,159,0,1,2026-07-14T14:21:00.408Z,2026-07-14T14:33:21.784Z
1784039080365,2026-07-14T00:00:00.000Z,07:54 pm,pack,upi,true,109,0,109,1,2026-07-14T14:24:41.705Z,2026-07-14T14:33:23.804Z
1784039318538,2026-07-14T00:00:00.000Z,07:58 pm,dine,upi,true,89,0,89,1,2026-07-14T14:28:39.869Z,2026-07-14T14:45:40.802Z
1784039620448,2026-07-14T00:00:00.000Z,08:03 pm,pack,cash,true,60,60,0,1,2026-07-14T14:33:41.747Z,2026-07-14T14:34:59.413Z
1784039628309,2026-07-14T00:00:00.000Z,08:03 pm,pack,upi,true,109,0,109,1,2026-07-14T14:33:48.518Z,2026-07-14T14:37:08.004Z
1784039828810,2026-07-14T00:00:00.000Z,08:07 pm,pack,cash,true,89,89,0,1,2026-07-14T14:37:09.150Z,2026-07-14T14:41:48.981Z
1784039836589,2026-07-14T00:00:00.000Z,08:07 pm,pack,upi,true,129,0,129,1,2026-07-14T14:37:16.932Z,2026-07-14T14:42:06.903Z
1784040104658,2026-07-14T00:00:00.000Z,08:11 pm,dine,upi,true,50,0,50,1,2026-07-14T14:41:46.049Z,2026-07-14T14:52:57.628Z
1784041028889,2026-07-14T00:00:00.000Z,08:27 pm,pack,cash,true,109,109,0,1,2026-07-14T14:57:10.262Z,2026-07-14T14:57:12.845Z
1784041389896,2026-07-14T00:00:00.000Z,08:33 pm,dine,upi,true,264,0,264,1,2026-07-14T15:03:10.275Z,2026-07-14T15:21:39.143Z
1784041398922,2026-07-14T00:00:00.000Z,08:33 pm,dine,cash,true,60,60,0,1,2026-07-14T15:03:19.156Z,2026-07-14T15:03:22.498Z
1784041897717,2026-07-14T00:00:00.000Z,08:41 pm,pack,cash,true,89,89,0,1,2026-07-14T15:11:38.096Z,2026-07-14T15:13:02.500Z
1784041992805,2026-07-14T00:00:00.000Z,08:43 pm,dine,cash,true,149,149,0,1,2026-07-14T15:13:13.160Z,2026-07-14T15:27:22.943Z
1784042854723,2026-07-14T00:00:00.000Z,08:57 pm,pack,upi,true,169,0,169,1,2026-07-14T15:27:34.946Z,2026-07-14T15:28:09.555Z
1784043123578,2026-07-14T00:00:00.000Z,09:02 pm,pack,cash,true,60,60,0,1,2026-07-14T15:32:03.929Z,2026-07-14T15:32:09.316Z
1784045052325,2026-07-14T00:00:00.000Z,09:34 pm,dine,upi,true,89,0,89,1,2026-07-14T16:04:12.563Z,2026-07-14T16:08:03.618Z
1784045310296,2026-07-14T00:00:00.000Z,09:38 pm,dine,upi,true,50,0,50,1,2026-07-14T16:08:30.649Z,2026-07-14T16:08:33.068Z
1784045534377,2026-07-14T00:00:00.000Z,09:42 pm,pack,upi,true,110,0,110,1,2026-07-14T16:12:15.721Z,2026-07-14T16:12:23.377Z
1784045847026,2026-07-14T00:00:00.000Z,09:47 pm,pack,cash,true,149,149,0,1,2026-07-14T16:17:27.379Z,2026-07-14T16:17:31.674Z
1784047265661,2026-07-14T00:00:00.000Z,10:11 pm,dine,upi,true,218,0,218,1,2026-07-14T16:41:05.883Z,2026-07-14T16:42:30.579Z
1784047482056,2026-07-14T00:00:00.000Z,10:14 pm,pack,upi,true,129,0,129,1,2026-07-14T16:44:42.406Z,2026-07-14T16:46:14.271Z
1784047504136,2026-07-14T00:00:00.000Z,10:15 pm,pack,split,true,129,79,50,1,2026-07-14T16:45:04.351Z,2026-07-14T16:46:13.413Z
1784047747972,2026-07-14T00:00:00.000Z,10:19 pm,pack,cash,true,149,149,0,1,2026-07-14T16:49:09.267Z,2026-07-14T17:06:14.962Z
1784048774086,2026-07-14T00:00:00.000Z,10:36 pm,pack,cash,true,94,94,0,1,2026-07-14T17:06:15.512Z,2026-07-14T17:06:22.434Z
1784049386335,2026-07-14T00:00:00.000Z,10:46 pm,dine,upi,true,109,0,109,1,2026-07-14T17:16:26.550Z,2026-07-14T17:32:12.100Z
1784050346575,2026-07-14T00:00:00.000Z,11:02 pm,dine,upi,true,139,0,139,1,2026-07-14T17:32:26.938Z,2026-07-14T17:40:40.271Z
1784050842141,2026-07-14T00:00:00.000Z,11:10 pm,pack,cash,true,89,89,0,1,2026-07-14T17:40:43.535Z,2026-07-14T17:54:16.323Z
1784119872201,2026-07-15T00:00:00.000Z,06:21 pm,pack,cash,true,109,109,0,1,2026-07-15T12:51:12.594Z,2026-07-15T12:57:11.271Z
1784120223706,2026-07-15T00:00:00.000Z,06:27 pm,pack,cash,true,109,109,0,1,2026-07-15T12:57:05.034Z,2026-07-15T13:12:45.905Z
1784121174370,2026-07-15T00:00:00.000Z,06:42 pm,dine,upi,true,109,0,109,1,2026-07-15T13:12:54.723Z,2026-07-15T13:13:05.936Z
1784121180830,2026-07-15T00:00:00.000Z,06:43 pm,pack,cash,true,198,198,0,1,2026-07-15T13:13:01.195Z,2026-07-15T13:18:10.216Z
1784121495489,2026-07-15T00:00:00.000Z,06:48 pm,pack,cash,true,178,178,0,1,2026-07-15T13:18:15.873Z,2026-07-15T13:18:31.776Z
1784121509662,2026-07-15T00:00:00.000Z,06:48 pm,pack,cash,true,436,436,0,1,2026-07-15T13:18:30.020Z,2026-07-15T13:58:53.062Z
1784122072464,2026-07-15T00:00:00.000Z,06:57 pm,dine,upi,true,109,0,109,1,2026-07-15T13:27:52.800Z,2026-07-15T13:33:00.270Z
1784122375604,2026-07-15T00:00:00.000Z,07:02 pm,dine,cash,true,129,129,0,1,2026-07-15T13:32:55.954Z,2026-07-15T14:09:10.983Z
1784122861716,2026-07-15T00:00:00.000Z,07:11 pm,dine,cash,true,109,109,0,1,2026-07-15T13:41:02.101Z,2026-07-15T13:47:18.902Z
1784123101109,2026-07-15T00:00:00.000Z,07:15 pm,pack,cash,true,89,89,0,1,2026-07-15T13:45:02.147Z,2026-07-15T13:58:52.686Z
1784123277126,2026-07-15T00:00:00.000Z,07:17 pm,dine,upi,true,139,0,139,1,2026-07-15T13:47:57.502Z,2026-07-15T14:09:27.259Z
1784123287395,2026-07-15T00:00:00.000Z,07:18 pm,dine,cash,true,159,159,0,1,2026-07-15T13:48:07.809Z,2026-07-15T14:09:16.100Z
1784123962509,2026-07-15T00:00:00.000Z,07:29 pm,dine,cash,true,89,89,0,1,2026-07-15T13:59:22.867Z,2026-07-15T14:08:38.297Z
1784124109357,2026-07-15T00:00:00.000Z,07:31 pm,pack,cash,true,238,238,0,1,2026-07-15T14:01:49.743Z,2026-07-15T14:17:18.966Z
1784124237392,2026-07-15T00:00:00.000Z,07:33 pm,dine,cash,true,149,149,0,1,2026-07-15T14:03:58.714Z,2026-07-15T14:09:30.722Z
1784125049567,2026-07-15T00:00:00.000Z,07:47 pm,pack,upi,true,109,0,109,1,2026-07-15T14:17:29.923Z,2026-07-15T14:25:30.889Z
1784125050926,2026-07-15T00:00:00.000Z,07:47 pm,dine,upi,true,218,0,218,1,2026-07-15T14:17:31.146Z,2026-07-15T14:44:38.014Z
1784125084164,2026-07-15T00:00:00.000Z,07:48 pm,dine,cash,true,109,109,0,1,2026-07-15T14:18:05.509Z,2026-07-15T14:25:03.540Z
1784125734445,2026-07-15T00:00:00.000Z,07:58 pm,pack,cash,true,50,50,0,1,2026-07-15T14:28:55.840Z,2026-07-15T14:29:04.520Z
1784125766326,2026-07-15T00:00:00.000Z,07:59 pm,dine,upi,true,179,0,179,1,2026-07-15T14:29:26.543Z,2026-07-15T14:42:56.721Z
1784126588313,2026-07-15T00:00:00.000Z,08:13 pm,pack,upi,true,109,0,109,1,2026-07-15T14:43:08.668Z,2026-07-15T14:45:23.309Z
1784127070748,2026-07-15T00:00:00.000Z,08:21 pm,dine,upi,true,109,0,109,1,2026-07-15T14:51:12.073Z,2026-07-15T14:52:30.332Z
1784127252769,2026-07-15T00:00:00.000Z,08:24 pm,pack,cash,true,298,298,0,1,2026-07-15T14:54:14.079Z,2026-07-15T15:18:17.380Z
1784127758679,2026-07-15T00:00:00.000Z,08:32 pm,pack,upi,true,237,0,237,1,2026-07-15T15:02:39.039Z,2026-07-15T15:18:35.419Z
1784128106347,2026-07-15T00:00:00.000Z,08:38 pm,pack,upi,true,218,0,218,1,2026-07-15T15:08:26.693Z,2026-07-15T15:08:52.506Z
1784128143486,2026-07-15T00:00:00.000Z,08:39 pm,pack,upi,true,89,0,89,1,2026-07-15T15:09:03.699Z,2026-07-15T15:18:14.223Z
1784128246375,2026-07-15T00:00:00.000Z,08:40 pm,dine,upi,true,109,0,109,1,2026-07-15T15:10:46.722Z,2026-07-15T15:20:23.066Z
1784128426447,2026-07-15T00:00:00.000Z,08:43 pm,pack,cash,true,106,106,0,1,2026-07-15T15:13:46.857Z,2026-07-15T15:22:21.796Z
1784128966766,2026-07-15T00:00:00.000Z,08:52 pm,dine,upi,true,109,0,109,1,2026-07-15T15:22:48.079Z,2026-07-15T15:35:34.288Z
1784128984660,2026-07-15T00:00:00.000Z,08:53 pm,dine,upi,true,109,0,109,1,2026-07-15T15:23:04.878Z,2026-07-15T15:29:22.028Z
1784129018276,2026-07-15T00:00:00.000Z,08:53 pm,pack,cash,true,218,218,0,1,2026-07-15T15:23:39.637Z,2026-07-15T15:35:25.301Z
1784129321472,2026-07-15T00:00:00.000Z,08:58 pm,dine,upi,true,109,0,109,1,2026-07-15T15:28:42.840Z,2026-07-15T15:35:32.522Z
1784129525097,2026-07-15T00:00:00.000Z,09:02 pm,dine,upi,true,109,0,109,1,2026-07-15T15:32:06.431Z,2026-07-15T15:35:42.562Z
1784129810577,2026-07-15T00:00:00.000Z,09:06 pm,pack,cash,true,241,241,0,1,2026-07-15T15:36:51.931Z,2026-07-15T15:41:50.450Z
1784131935339,2026-07-15T00:00:00.000Z,09:42 pm,pack,cash,true,347,347,0,1,2026-07-15T16:12:15.685Z,2026-07-15T16:19:32.114Z
1784131961399,2026-07-15T00:00:00.000Z,09:42 pm,pack,split,true,126,0,0,1,2026-07-15T16:12:41.613Z,2026-07-15T16:15:22.801Z
1784132143136,2026-07-15T00:00:00.000Z,09:45 pm,dine,cash,true,60,60,0,1,2026-07-15T16:15:43.479Z,2026-07-15T16:19:30.689Z
1784132363311,2026-07-15T00:00:00.000Z,09:49 pm,dine,upi,true,149,0,149,1,2026-07-15T16:19:24.649Z,2026-07-15T16:27:24.203Z
1784132605811,2026-07-15T00:00:00.000Z,09:53 pm,pack,cash,true,288,288,0,1,2026-07-15T16:23:27.073Z,2026-07-15T16:30:32.999Z
1784134695495,2026-07-15T00:00:00.000Z,10:28 pm,dine,upi,true,149,0,149,1,2026-07-15T16:58:15.857Z,2026-07-15T16:59:40.877Z
1784134708816,2026-07-15T00:00:00.000Z,10:28 pm,dine,split,true,218,109,109,1,2026-07-15T16:58:29.045Z,2026-07-15T17:07:36.524Z
1784135264817,2026-07-15T00:00:00.000Z,10:37 pm,dine,split,true,109,9,100,1,2026-07-15T17:07:45.286Z,2026-07-15T17:21:42.579Z
1784135629366,2026-07-15T00:00:00.000Z,10:43 pm,dine,upi,true,60,0,60,1,2026-07-15T17:13:50.704Z,2026-07-15T17:21:28.779Z
1784137051216,2026-07-15T00:00:00.000Z,11:07 pm,pack,cash,true,40,40,0,1,2026-07-15T17:37:31.690Z,2026-07-15T17:37:39.355Z
1784204980365,2026-07-16T00:00:00.000Z,05:59 pm,dine,upi,true,199,0,199,1,2026-07-16T12:29:40.740Z,2026-07-16T12:40:05.318Z
1784205634660,2026-07-16T00:00:00.000Z,06:10 pm,pack,upi,true,350,0,350,1,2026-07-16T12:40:36.068Z,2026-07-16T12:42:02.980Z
1784206259649,2026-07-16T00:00:00.000Z,06:20 pm,dine,upi,true,89,0,89,1,2026-07-16T12:50:59.864Z,2026-07-16T12:56:48.221Z
1784207918575,2026-07-16T00:00:00.000Z,06:48 pm,pack,cash,true,89,89,0,1,2026-07-16T13:18:39.946Z,2026-07-16T13:18:51.958Z
1784208245170,2026-07-16T00:00:00.000Z,06:54 pm,dine,upi,true,109,0,109,1,2026-07-16T13:24:05.429Z,2026-07-16T13:24:10.563Z
1784208815425,2026-07-16T00:00:00.000Z,07:03 pm,pack,upi,true,109,0,109,1,2026-07-16T13:33:35.893Z,2026-07-16T13:33:38.447Z
1784209620158,2026-07-16T00:00:00.000Z,07:17 pm,pack,upi,true,130,0,130,1,2026-07-16T13:47:01.500Z,2026-07-16T13:47:04.072Z
1784210051676,2026-07-16T00:00:00.000Z,07:24 pm,pack,upi,true,178,0,178,1,2026-07-16T13:54:13.056Z,2026-07-16T14:34:09.835Z
1784210226372,2026-07-16T00:00:00.000Z,07:27 pm,dine,upi,true,60,0,60,1,2026-07-16T13:57:06.641Z,2026-07-16T14:34:08.825Z
1784212633636,2026-07-16T00:00:00.000Z,08:07 pm,dine,upi,true,109,0,109,1,2026-07-16T14:37:14.131Z,2026-07-16T14:41:24.498Z
1784212888661,2026-07-16T00:00:00.000Z,08:11 pm,pack,upi,true,60,0,60,1,2026-07-16T14:41:29.953Z,2026-07-16T14:45:39.869Z
1784213383280,2026-07-16T00:00:00.000Z,08:19 pm,pack,cash,true,109,109,0,1,2026-07-16T14:49:43.630Z,2026-07-16T14:49:45.841Z
1784213791975,2026-07-16T00:00:00.000Z,08:26 pm,pack,cash,true,109,109,0,1,2026-07-16T14:56:33.240Z,2026-07-16T15:18:54.140Z
1784215136940,2026-07-16T00:00:00.000Z,08:48 pm,dine,cash,true,110,110,0,1,2026-07-16T15:18:57.166Z,2026-07-16T15:22:25.089Z
1784215362187,2026-07-16T00:00:00.000Z,08:52 pm,pack,split,true,109,9,100,1,2026-07-16T15:22:43.462Z,2026-07-16T15:22:59.763Z
1784215375961,2026-07-16T00:00:00.000Z,08:52 pm,dine,upi,true,60,0,60,1,2026-07-16T15:22:56.162Z,2026-07-16T15:26:19.930Z
1784215385134,2026-07-16T00:00:00.000Z,08:53 pm,pack,upi,true,60,0,60,1,2026-07-16T15:23:05.336Z,2026-07-16T15:26:19.968Z
1784215985585,2026-07-16T00:00:00.000Z,09:03 pm,pack,cash,true,89,89,0,1,2026-07-16T15:33:05.929Z,2026-07-16T15:33:35.093Z
1784216012549,2026-07-16T00:00:00.000Z,09:03 pm,dine,cash,true,109,109,0,1,2026-07-16T15:33:32.886Z,2026-07-16T15:34:27.730Z
1784216024679,2026-07-16T00:00:00.000Z,09:03 pm,dine,upi,true,109,0,109,1,2026-07-16T15:33:44.887Z,2026-07-16T15:41:17.013Z
1784216476931,2026-07-16T00:00:00.000Z,09:11 pm,pack,cash,true,109,109,0,1,2026-07-16T15:41:18.210Z,2026-07-16T15:45:50.348Z
1784216757292,2026-07-16T00:00:00.000Z,09:15 pm,pack,cash,true,109,109,0,1,2026-07-16T15:45:57.628Z,2026-07-16T15:46:07.709Z
1784216763968,2026-07-16T00:00:00.000Z,09:16 pm,dine,upi,true,109,0,109,1,2026-07-16T15:46:04.184Z,2026-07-16T15:57:23.829Z
1784217460872,2026-07-16T00:00:00.000Z,09:27 pm,dine,split,true,109,100,9,1,2026-07-16T15:57:41.077Z,2026-07-16T16:05:38.351Z
1784217478648,2026-07-16T00:00:00.000Z,09:27 pm,dine,upi,true,60,0,60,1,2026-07-16T15:57:58.986Z,2026-07-16T16:05:36.005Z
1784217987794,2026-07-16T00:00:00.000Z,09:36 pm,pack,cash,true,92,92,0,1,2026-07-16T16:06:28.216Z,2026-07-16T16:10:53.480Z
1784218249573,2026-07-16T00:00:00.000Z,09:40 pm,dine,cash,true,109,109,0,1,2026-07-16T16:10:49.908Z,2026-07-16T16:15:19.414Z
1784218527680,2026-07-16T00:00:00.000Z,09:45 pm,dine,cash,true,129,129,0,1,2026-07-16T16:15:28.092Z,2026-07-16T16:16:29.183Z
1784218533759,2026-07-16T00:00:00.000Z,09:45 pm,dine,cash,true,129,129,0,1,2026-07-16T16:15:34.028Z,2026-07-16T16:18:32.215Z
1784218598405,2026-07-16T00:00:00.000Z,09:46 pm,pack,cash,true,139,139,0,1,2026-07-16T16:16:38.756Z,2026-07-16T16:22:53.741Z
1784218737229,2026-07-16T00:00:00.000Z,09:48 pm,pack,cash,true,343,343,0,1,2026-07-16T16:18:57.574Z,2026-07-16T16:22:45.457Z
1784218985170,2026-07-16T00:00:00.000Z,09:53 pm,pack,cash,true,109,109,0,1,2026-07-16T16:23:06.455Z,2026-07-16T16:28:16.897Z
1784219286211,2026-07-16T00:00:00.000Z,09:58 pm,pack,cash,true,109,109,0,1,2026-07-16T16:28:06.421Z,2026-07-16T16:28:17.343Z
1784219723459,2026-07-16T00:00:00.000Z,10:05 pm,pack,cash,true,109,109,0,1,2026-07-16T16:35:23.810Z,2026-07-16T16:43:05.502Z
1784219788824,2026-07-16T00:00:00.000Z,10:06 pm,pack,cash,true,109,109,0,1,2026-07-16T16:36:29.183Z,2026-07-16T16:43:08.584Z
1784219791410,2026-07-16T00:00:00.000Z,10:06 pm,dine,upi,true,60,0,60,1,2026-07-16T16:36:32.716Z,2026-07-16T16:43:04.374Z
1784219795582,2026-07-16T00:00:00.000Z,10:06 pm,dine,upi,true,109,0,109,1,2026-07-16T16:36:35.796Z,2026-07-16T16:42:48.779Z
1784220283665,2026-07-16T00:00:00.000Z,10:14 pm,pack,cash,true,109,109,0,1,2026-07-16T16:44:44.077Z,2026-07-16T16:51:08.802Z
1784220304597,2026-07-16T00:00:00.000Z,10:15 pm,dine,upi,true,129,0,129,1,2026-07-16T16:45:05.910Z,2026-07-16T16:51:08.334Z
1784220311119,2026-07-16T00:00:00.000Z,10:15 pm,pack,cash,true,129,129,0,1,2026-07-16T16:45:11.325Z,2026-07-16T16:51:08.284Z
1784220678567,2026-07-16T00:00:00.000Z,10:21 pm,pack,cash,true,109,109,0,1,2026-07-16T16:51:18.906Z,2026-07-16T17:04:09.240Z
1784220904925,2026-07-16T00:00:00.000Z,10:25 pm,pack,cash,true,109,109,0,1,2026-07-16T16:55:05.258Z,2026-07-16T17:04:08.643Z
1784220910212,2026-07-16T00:00:00.000Z,10:25 pm,dine,cash,true,497,497,0,1,2026-07-16T16:55:11.503Z,2026-07-16T17:17:10.418Z
1784220923260,2026-07-16T00:00:00.000Z,10:25 pm,dine,upi,true,198,0,198,1,2026-07-16T16:55:23.609Z,2026-07-16T17:10:07.456Z
1784221210783,2026-07-16T00:00:00.000Z,10:30 pm,dine,cash,true,129,129,0,1,2026-07-16T17:00:12.093Z,2026-07-16T17:09:41.915Z
1784221219430,2026-07-16T00:00:00.000Z,10:30 pm,dine,upi,true,89,0,89,1,2026-07-16T17:00:19.751Z,2026-07-16T17:09:38.449Z
1784221443466,2026-07-16T00:00:00.000Z,10:34 pm,pack,upi,true,130,0,130,1,2026-07-16T17:04:04.775Z,2026-07-16T17:13:33.296Z
1784221990870,2026-07-16T00:00:00.000Z,10:43 pm,dine,upi,true,60,0,60,1,2026-07-16T17:13:12.178Z,2026-07-16T17:24:22.441Z
1784222232859,2026-07-16T00:00:00.000Z,10:47 pm,pack,upi,true,129,0,129,1,2026-07-16T17:17:13.202Z,2026-07-16T17:20:32.425Z
1784222436822,2026-07-16T00:00:00.000Z,10:50 pm,dine,cash,true,129,129,0,1,2026-07-16T17:20:38.129Z,2026-07-16T17:24:42.265Z
1784225476273,2026-07-16T00:00:00.000Z,11:41 pm,dine,cash,true,129,129,0,1,2026-07-16T18:11:16.611Z,2026-07-16T18:26:12.860Z
1784291109921,2026-07-17T00:00:00.000Z,05:55 pm,pack,cash,true,109,109,0,1,2026-07-17T12:25:11.267Z,2026-07-17T12:41:27.126Z
1784291114498,2026-07-17T00:00:00.000Z,05:55 pm,pack,cash,true,109,109,0,1,2026-07-17T12:25:14.711Z,2026-07-17T12:41:23.824Z
1784292055990,2026-07-17T00:00:00.000Z,06:10 pm,dine,upi,true,218,0,218,1,2026-07-17T12:40:56.208Z,2026-07-17T13:02:12.387Z
1784292068549,2026-07-17T00:00:00.000Z,06:11 pm,pack,upi,true,109,0,109,1,2026-07-17T12:41:08.765Z,2026-07-17T12:41:19.914Z
1784293075954,2026-07-17T00:00:00.000Z,06:27 pm,pack,upi,true,109,0,109,1,2026-07-17T12:57:56.315Z,2026-07-17T12:59:14.523Z
1784293545163,2026-07-17T00:00:00.000Z,06:35 pm,pack,cash,true,218,218,0,1,2026-07-17T13:05:45.493Z,2026-07-17T13:22:14.118Z
1784293927801,2026-07-17T00:00:00.000Z,06:42 pm,dine,cash,true,109,109,0,1,2026-07-17T13:12:09.186Z,2026-07-17T13:22:20.432Z
1784293979977,2026-07-17T00:00:00.000Z,06:42 pm,pack,cash,true,417,417,0,1,2026-07-17T13:13:01.339Z,2026-07-17T13:22:14.120Z
1784295040675,2026-07-17T00:00:00.000Z,07:00 pm,dine,cash,true,109,109,0,1,2026-07-17T13:30:41.901Z,2026-07-17T14:00:06.885Z
1784296825676,2026-07-17T00:00:00.000Z,07:30 pm,dine,upi,true,140,0,140,1,2026-07-17T14:00:25.898Z,2026-07-17T14:00:27.751Z
1784297117670,2026-07-17T00:00:00.000Z,07:35 pm,pack,upi,true,198,0,198,1,2026-07-17T14:05:18.016Z,2026-07-17T14:11:04.860Z
1784297461580,2026-07-17T00:00:00.000Z,07:41 pm,pack,upi,true,198,0,198,1,2026-07-17T14:11:02.866Z,2026-07-17T14:16:44.745Z
1784297805667,2026-07-17T00:00:00.000Z,07:46 pm,pack,upi,true,109,0,109,1,2026-07-17T14:16:46.309Z,2026-07-17T14:17:11.825Z
1784297821002,2026-07-17T00:00:00.000Z,07:47 pm,dine,upi,true,109,0,109,1,2026-07-17T14:17:01.210Z,2026-07-17T14:17:11.227Z
1784297827677,2026-07-17T00:00:00.000Z,07:47 pm,dine,cash,true,149,149,0,1,2026-07-17T14:17:07.884Z,2026-07-17T14:24:02.569Z
1784298250722,2026-07-17T00:00:00.000Z,07:54 pm,pack,upi,true,139,0,139,1,2026-07-17T14:24:11.087Z,2026-07-17T14:24:18.960Z
1784298696699,2026-07-17T00:00:00.000Z,08:01 pm,dine,cash,true,109,109,0,1,2026-07-17T14:31:36.917Z,2026-07-17T14:37:31.407Z
1784299050398,2026-07-17T00:00:00.000Z,08:07 pm,pack,upi,true,139,0,139,1,2026-07-17T14:37:31.719Z,2026-07-17T14:49:22.493Z
1784299344212,2026-07-17T00:00:00.000Z,08:12 pm,pack,upi,true,109,0,109,1,2026-07-17T14:42:25.558Z,2026-07-17T14:43:05.117Z
1784299346959,2026-07-17T00:00:00.000Z,08:12 pm,dine,cash,true,109,109,0,1,2026-07-17T14:42:27.169Z,2026-07-17T14:49:24.685Z
1784299778802,2026-07-17T00:00:00.000Z,08:19 pm,dine,upi,true,60,0,60,1,2026-07-17T14:49:39.021Z,2026-07-17T14:49:43.661Z
1784300381112,2026-07-17T00:00:00.000Z,08:29 pm,dine,cash,true,109,109,0,1,2026-07-17T14:59:42.411Z,2026-07-17T14:59:47.651Z
1784300384953,2026-07-17T00:00:00.000Z,08:29 pm,pack,upi,true,109,0,109,1,2026-07-17T14:59:45.298Z,2026-07-17T15:09:13.726Z
1784300692752,2026-07-17T00:00:00.000Z,08:34 pm,pack,cash,true,129,129,0,1,2026-07-17T15:04:53.101Z,2026-07-17T15:04:56.800Z
1784300956517,2026-07-17T00:00:00.000Z,08:39 pm,pack,cash,true,109,109,0,1,2026-07-17T15:09:16.888Z,2026-07-17T15:09:19.511Z
1784302021019,2026-07-17T00:00:00.000Z,08:57 pm,pack,upi,true,89,0,89,1,2026-07-17T15:27:02.395Z,2026-07-17T15:38:07.987Z
1784302023263,2026-07-17T00:00:00.000Z,08:57 pm,dine,cash,true,60,60,0,1,2026-07-17T15:27:03.483Z,2026-07-17T15:38:15.736Z
1784302031042,2026-07-17T00:00:00.000Z,08:57 pm,dine,upi,true,109,0,109,1,2026-07-17T15:27:11.262Z,2026-07-17T15:38:02.463Z
1784302738300,2026-07-17T00:00:00.000Z,09:08 pm,dine,upi,true,89,0,89,1,2026-07-17T15:38:58.761Z,2026-07-17T15:50:30.818Z
1784303196310,2026-07-17T00:00:00.000Z,09:16 pm,pack,upi,true,258,0,258,1,2026-07-17T15:46:37.691Z,2026-07-17T15:50:20.550Z
1784303417006,2026-07-17T00:00:00.000Z,09:20 pm,pack,upi,true,218,0,218,1,2026-07-17T15:50:17.348Z,2026-07-17T15:50:21.406Z
1784303456678,2026-07-17T00:00:00.000Z,09:20 pm,dine,upi,true,109,0,109,1,2026-07-17T15:50:56.899Z,2026-07-17T15:57:06.092Z
1784303835446,2026-07-17T00:00:00.000Z,09:27 pm,pack,upi,true,109,0,109,1,2026-07-17T15:57:15.771Z,2026-07-17T16:03:11.635Z
1784304189480,2026-07-17T00:00:00.000Z,09:33 pm,pack,cash,true,89,89,0,1,2026-07-17T16:03:09.874Z,2026-07-17T16:06:37.613Z
1784305981309,2026-07-17T00:00:00.000Z,10:03 pm,pack,upi,true,130,0,130,1,2026-07-17T16:33:01.650Z,2026-07-17T16:33:10.047Z
1784306202544,2026-07-17T00:00:00.000Z,10:06 pm,dine,cash,true,60,60,0,1,2026-07-17T16:36:42.894Z,2026-07-17T16:37:30.286Z
1784306204312,2026-07-17T00:00:00.000Z,10:06 pm,pack,upi,true,258,0,258,1,2026-07-17T16:36:44.708Z,2026-07-17T16:37:34.367Z
1784306208337,2026-07-17T00:00:00.000Z,10:06 pm,pack,cash,true,149,149,0,1,2026-07-17T16:36:48.550Z,2026-07-17T16:37:36.000Z
1784306218951,2026-07-17T00:00:00.000Z,10:06 pm,pack,cash,true,109,109,0,1,2026-07-17T16:36:59.313Z,2026-07-17T16:37:37.478Z
1784307465681,2026-07-17T00:00:00.000Z,10:27 pm,dine,cash,true,109,109,0,1,2026-07-17T16:57:46.010Z,2026-07-17T17:15:56.635Z
1784307470588,2026-07-17T00:00:00.000Z,10:27 pm,dine,cash,true,129,129,0,1,2026-07-17T16:57:50.799Z,2026-07-17T16:58:03.225Z
1784307478419,2026-07-17T00:00:00.000Z,10:27 pm,dine,upi,true,109,0,109,1,2026-07-17T16:57:58.642Z,2026-07-17T16:58:02.484Z
1784308578907,2026-07-17T00:00:00.000Z,10:46 pm,dine,upi,true,239,0,239,1,2026-07-17T17:16:19.262Z,2026-07-17T17:19:52.701Z
1784308796278,2026-07-17T00:00:00.000Z,10:49 pm,pack,upi,true,129,0,129,1,2026-07-17T17:19:56.501Z,2026-07-17T17:20:52.962Z
1784376179654,2026-07-18T00:00:00.000Z,05:32 pm,pack,cash,true,327,327,0,1,2026-07-18T12:02:59.907Z,2026-07-18T12:21:41.943Z
1784377292241,2026-07-18T00:00:00.000Z,05:51 pm,pack,cash,true,60,60,0,1,2026-07-18T12:21:32.582Z,2026-07-18T12:21:42.997Z
1784377299625,2026-07-18T00:00:00.000Z,05:51 pm,pack,cash,true,50,50,0,1,2026-07-18T12:21:39.834Z,2026-07-18T12:21:43.842Z
1784377767061,2026-07-18T00:00:00.000Z,05:59 pm,pack,cash,true,89,89,0,1,2026-07-18T12:29:27.338Z,2026-07-18T12:52:20.345Z
1784377781863,2026-07-18T00:00:00.000Z,05:59 pm,pack,upi,true,308,0,308,1,2026-07-18T12:29:42.071Z,2026-07-18T12:56:41.272Z
1784379136482,2026-07-18T00:00:00.000Z,06:22 pm,pack,upi,true,198,0,198,1,2026-07-18T12:52:16.712Z,2026-07-18T12:52:24.270Z
1784379814411,2026-07-17T00:00:00.000Z,06:33 pm,pack,cash,true,258,258,0,1,2026-07-18T13:03:34.627Z,2026-07-18T13:06:57.988Z
1784379873038,2026-07-17T00:00:00.000Z,06:34 pm,pack,upi,true,198,0,198,1,2026-07-18T13:04:34.453Z,2026-07-18T13:06:55.192Z
1784379888523,2026-07-17T00:00:00.000Z,06:34 pm,pack,cash,true,109,109,0,1,2026-07-18T13:04:48.742Z,2026-07-18T13:06:56.486Z
1784380036020,2026-07-18T00:00:00.000Z,06:37 pm,pack,upi,true,198,0,198,1,2026-07-18T13:07:16.244Z,2026-07-18T13:07:54.220Z
1784380060363,2026-07-18T00:00:00.000Z,06:37 pm,pack,cash,true,258,258,0,1,2026-07-18T13:07:40.591Z,2026-07-18T13:07:55.077Z
1784380068902,2026-07-18T00:00:00.000Z,06:37 pm,pack,cash,true,109,109,0,1,2026-07-18T13:07:49.124Z,2026-07-18T13:07:53.277Z
1784380353340,2026-07-18T00:00:00.000Z,06:42 pm,dine,cash,true,89,89,0,1,2026-07-18T13:12:34.709Z,2026-07-18T13:13:50.315Z
1784380943923,2026-07-18T00:00:00.000Z,06:52 pm,pack,upi,true,139,0,139,1,2026-07-18T13:22:24.275Z,2026-07-18T13:30:06.423Z
1784381077714,2026-07-18T00:00:00.000Z,06:54 pm,pack,upi,true,89,0,89,1,2026-07-18T13:24:38.043Z,2026-07-18T13:24:58.040Z
1784381228256,2026-07-18T00:00:00.000Z,06:57 pm,dine,upi,true,80,0,80,1,2026-07-18T13:27:08.479Z,2026-07-18T13:29:58.720Z
1784381669617,2026-07-18T00:00:00.000Z,07:04 pm,pack,upi,true,278,0,278,1,2026-07-18T13:34:29.947Z,2026-07-18T13:40:39.721Z
1784382030085,2026-07-18T00:00:00.000Z,07:10 pm,dine,upi,true,50,0,50,1,2026-07-18T13:40:30.321Z,2026-07-18T13:40:46.362Z
1784382036474,2026-07-18T00:00:00.000Z,07:10 pm,pack,upi,true,89,0,89,1,2026-07-18T13:40:36.711Z,2026-07-18T13:40:41.888Z
1784382120865,2026-07-18T00:00:00.000Z,07:12 pm,dine,upi,true,60,0,60,1,2026-07-18T13:42:01.231Z,2026-07-18T14:01:19.335Z
1784382972774,2026-07-18T00:00:00.000Z,07:26 pm,dine,upi,true,139,0,139,1,2026-07-18T13:56:13.008Z,2026-07-18T14:01:29.919Z
1784383185122,2026-07-18T00:00:00.000Z,07:29 pm,pack,upi,true,149,0,149,1,2026-07-18T13:59:45.346Z,2026-07-18T14:11:34.704Z
1784383260872,2026-07-18T00:00:00.000Z,07:31 pm,dine,upi,true,169,0,169,1,2026-07-18T14:01:01.234Z,2026-07-18T14:01:09.506Z
1784383471936,2026-07-18T00:00:00.000Z,07:34 pm,pack,upi,true,149,0,149,1,2026-07-18T14:04:33.219Z,2026-07-18T14:18:50.830Z
1784383590102,2026-07-18T00:00:00.000Z,07:36 pm,dine,upi,true,139,0,139,1,2026-07-18T14:06:30.311Z,2026-07-18T14:16:18.266Z
1784384125475,2026-07-18T00:00:00.000Z,07:45 pm,dine,upi,true,298,0,298,1,2026-07-18T14:15:26.861Z,2026-07-18T14:16:14.642Z
1784384221003,2026-07-18T00:00:00.000Z,07:47 pm,dine,upi,true,109,0,109,1,2026-07-18T14:17:01.204Z,2026-07-18T14:34:50.250Z
1784384819077,2026-07-18T00:00:00.000Z,07:56 pm,dine,upi,true,89,0,89,1,2026-07-18T14:27:00.415Z,2026-07-18T14:34:47.755Z
1784384922550,2026-07-18T00:00:00.000Z,07:58 pm,dine,cash,true,149,149,0,1,2026-07-18T14:28:42.761Z,2026-07-18T14:34:12.640Z
1784385151725,2026-07-18T00:00:00.000Z,08:02 pm,pack,upi,true,198,0,198,1,2026-07-18T14:32:33.040Z,2026-07-18T14:34:02.415Z
1784385334693,2026-07-18T00:00:00.000Z,08:05 pm,dine,upi,true,111,0,111,1,2026-07-18T14:35:34.919Z,2026-07-18T14:36:01.525Z
1784385697738,2026-07-18T00:00:00.000Z,08:11 pm,pack,cash,true,109,109,0,1,2026-07-18T14:41:39.119Z,2026-07-18T14:47:26.624Z
1784386030208,2026-07-18T00:00:00.000Z,08:17 pm,pack,upi,true,109,0,109,1,2026-07-18T14:47:10.418Z,2026-07-18T14:47:29.884Z
1784386064017,2026-07-18T00:00:00.000Z,08:17 pm,pack,upi,true,198,0,198,1,2026-07-18T14:47:44.230Z,2026-07-18T15:07:07.770Z
1784386923639,2026-07-18T00:00:00.000Z,08:32 pm,pack,upi,true,268,0,268,1,2026-07-18T15:02:05.054Z,2026-07-18T15:20:33.424Z
1784386933024,2026-07-18T00:00:00.000Z,08:32 pm,dine,upi,true,110,0,110,1,2026-07-18T15:02:13.303Z,2026-07-18T15:03:27.764Z
1784386952616,2026-07-18T00:00:00.000Z,08:32 pm,dine,cash,true,132,132,0,1,2026-07-18T15:02:32.850Z,2026-07-18T15:06:39.412Z
1784387353813,2026-07-18T00:00:00.000Z,08:39 pm,dine,upi,true,109,0,109,1,2026-07-18T15:09:14.052Z,2026-07-18T15:16:36.096Z
1784387440139,2026-07-18T00:00:00.000Z,08:40 pm,dine,upi,true,129,0,129,1,2026-07-18T15:10:40.349Z,2026-07-18T15:23:08.252Z
1784387687714,2026-07-18T00:00:00.000Z,08:44 pm,dine,cash,true,109,109,0,1,2026-07-18T15:14:47.953Z,2026-07-18T15:16:27.458Z
1784387991402,2026-07-18T00:00:00.000Z,08:49 pm,pack,upi,true,60,0,60,1,2026-07-18T15:19:51.608Z,2026-07-18T15:23:03.067Z
1784388218197,2026-07-18T00:00:00.000Z,08:53 pm,pack,upi,true,139,0,139,1,2026-07-18T15:23:38.579Z,2026-07-18T15:35:56.554Z
1784388398947,2026-07-18T00:00:00.000Z,08:56 pm,pack,upi,true,198,0,198,1,2026-07-18T15:26:39.163Z,2026-07-18T15:36:09.599Z
1784388890386,2026-07-18T00:00:00.000Z,09:04 pm,dine,upi,true,109,0,109,1,2026-07-18T15:34:50.580Z,2026-07-18T15:35:04.128Z
1784388917774,2026-07-18T00:00:00.000Z,09:05 pm,pack,cash,true,267,267,0,1,2026-07-18T15:35:17.992Z,2026-07-18T15:35:44.747Z
1784388942487,2026-07-18T00:00:00.000Z,09:05 pm,dine,cash,true,60,60,0,1,2026-07-18T15:35:42.681Z,2026-07-18T15:42:03.087Z
1784389000320,2026-07-18T00:00:00.000Z,09:06 pm,dine,upi,true,50,0,50,1,2026-07-18T15:36:40.527Z,2026-07-18T15:42:04.730Z
1784389702095,2026-07-18T00:00:00.000Z,09:18 pm,dine,cash,true,70,70,0,1,2026-07-18T15:48:22.332Z,2026-07-18T15:53:33.776Z
1784389718253,2026-07-18T00:00:00.000Z,09:18 pm,pack,cash,true,109,109,0,1,2026-07-18T15:48:38.579Z,2026-07-18T15:51:55.405Z
1784389928921,2026-07-18T00:00:00.000Z,09:22 pm,dine,cash,true,109,109,0,1,2026-07-18T15:52:09.140Z,2026-07-18T15:53:28.509Z
1784389953322,2026-07-18T00:00:00.000Z,09:22 pm,dine,upi,true,60,0,60,1,2026-07-18T15:52:33.536Z,2026-07-18T16:02:36.344Z
1784390606422,2026-07-18T00:00:00.000Z,09:33 pm,dine,upi,true,457,0,457,1,2026-07-18T16:03:27.741Z,2026-07-18T16:20:51.290Z
1784390637359,2026-07-18T00:00:00.000Z,09:33 pm,dine,upi,true,129,0,129,1,2026-07-18T16:03:57.593Z,2026-07-18T16:08:27.843Z
1784390874592,2026-07-18T00:00:00.000Z,09:37 pm,dine,upi,true,109,0,109,1,2026-07-18T16:07:54.804Z,2026-07-18T16:08:28.230Z
1784390953091,2026-07-18T00:00:00.000Z,09:39 pm,pack,cash,true,149,149,0,1,2026-07-18T16:09:14.448Z,2026-07-18T16:18:38.058Z
1784391083047,2026-07-18T00:00:00.000Z,09:41 pm,pack,upi,true,129,0,129,1,2026-07-18T16:11:23.281Z,2026-07-18T16:21:05.400Z
1784391721468,2026-07-18T00:00:00.000Z,09:52 pm,pack,upi,true,288,0,288,1,2026-07-18T16:22:02.775Z,2026-07-18T16:23:23.728Z
1784392276174,2026-07-18T00:00:00.000Z,10:01 pm,pack,cash,true,50,50,0,1,2026-07-18T16:31:16.402Z,2026-07-18T16:31:22.691Z
1784392290051,2026-07-18T00:00:00.000Z,10:01 pm,pack,cash,true,129,129,0,1,2026-07-18T16:31:30.280Z,2026-07-18T16:38:29.816Z
1784392819669,2026-07-18T00:00:00.000Z,10:10 pm,pack,upi,true,139,0,139,1,2026-07-18T16:40:19.892Z,2026-07-18T16:45:28.678Z
1784393546204,2026-07-18T00:00:00.000Z,10:22 pm,dine,upi,true,107,0,107,1,2026-07-18T16:52:27.529Z,2026-07-18T16:52:37.347Z
1784393793790,2026-07-18T00:00:00.000Z,10:26 pm,pack,cash,true,149,149,0,1,2026-07-18T16:56:35.082Z,2026-07-18T16:58:59.578Z
1784394770407,2026-07-18T00:00:00.000Z,10:42 pm,pack,upi,true,92,0,92,1,2026-07-18T17:12:51.779Z,2026-07-18T17:13:18.638Z
1784394796304,2026-07-18T00:00:00.000Z,10:43 pm,dine,cash,true,109,109,0,1,2026-07-18T17:13:16.513Z,2026-07-18T17:13:20.913Z
1784463649324,2026-07-19T00:00:00.000Z,05:50 pm,pack,cash,true,50,50,0,1,2026-07-19T12:20:49.599Z,2026-07-19T12:26:06.460Z
1784463656971,2026-07-19T00:00:00.000Z,05:50 pm,dine,upi,true,238,0,238,1,2026-07-19T12:20:57.256Z,2026-07-19T12:26:10.040Z
1784463963458,2026-07-19T00:00:00.000Z,05:56 pm,pack,upi,true,109,0,109,1,2026-07-19T12:26:03.658Z,2026-07-19T12:26:10.199Z
1784465305389,2026-07-19T00:00:00.000Z,06:18 pm,pack,cash,true,89,89,0,1,2026-07-19T12:48:25.652Z,2026-07-19T12:49:42.707Z
1784465568437,2026-07-19T00:00:00.000Z,06:22 pm,dine,upi,true,129,0,129,1,2026-07-19T12:52:48.659Z,2026-07-19T13:01:56.297Z
1784465578189,2026-07-19T00:00:00.000Z,06:22 pm,dine,cash,true,89,89,0,1,2026-07-19T12:52:58.407Z,2026-07-19T13:01:55.582Z
1784466125249,2026-07-19T00:00:00.000Z,06:32 pm,dine,cash,true,347,347,0,1,2026-07-19T13:02:05.587Z,2026-07-19T13:18:28.241Z
1784466547683,2026-07-19T00:00:00.000Z,06:39 pm,dine,cash,true,109,109,0,1,2026-07-19T13:09:07.913Z,2026-07-19T13:23:45.628Z
1784467113178,2026-07-19T00:00:00.000Z,06:48 pm,dine,cash,true,238,238,0,1,2026-07-19T13:18:33.393Z,2026-07-19T13:30:38.621Z
1784467118242,2026-07-19T00:00:00.000Z,06:48 pm,dine,cash,true,109,109,0,1,2026-07-19T13:18:38.456Z,2026-07-19T13:23:48.239Z
1784467186272,2026-07-19T00:00:00.000Z,06:49 pm,dine,cash,true,60,60,0,1,2026-07-19T13:19:47.622Z,2026-07-19T13:21:14.274Z
1784467567833,2026-07-19T00:00:00.000Z,06:56 pm,pack,upi,true,109,0,109,1,2026-07-19T13:26:09.189Z,2026-07-19T13:30:39.746Z
1784467966809,2026-07-19T00:00:00.000Z,07:02 pm,dine,cash,true,50,50,0,1,2026-07-19T13:32:47.202Z,2026-07-19T13:35:41.065Z
1784467972435,2026-07-19T00:00:00.000Z,07:02 pm,dine,upi,true,129,0,129,1,2026-07-19T13:32:52.648Z,2026-07-19T13:44:01.837Z
1784468426340,2026-07-19T00:00:00.000Z,07:10 pm,dine,cash,true,97,97,0,1,2026-07-19T13:40:26.559Z,2026-07-19T13:40:33.610Z
1784469171139,2026-07-19T00:00:00.000Z,07:22 pm,pack,upi,true,109,0,109,1,2026-07-19T13:52:52.452Z,2026-07-19T13:52:54.411Z
1784469187344,2026-07-19T00:00:00.000Z,07:23 pm,dine,upi,true,50,0,50,1,2026-07-19T13:53:07.554Z,2026-07-19T13:53:10.977Z
1784469548413,2026-07-19T00:00:00.000Z,07:29 pm,pack,cash,true,269,269,0,1,2026-07-19T13:59:08.652Z,2026-07-19T14:12:16.428Z
1784469552953,2026-07-19T00:00:00.000Z,07:29 pm,pack,upi,true,159,0,159,1,2026-07-19T13:59:13.176Z,2026-07-19T14:09:01.158Z
1784470187852,2026-07-19T00:00:00.000Z,07:39 pm,pack,upi,true,109,0,109,1,2026-07-19T14:09:49.233Z,2026-07-19T14:12:15.952Z
1784470670240,2026-07-19T00:00:00.000Z,07:47 pm,pack,cash,true,109,109,0,1,2026-07-19T14:17:51.550Z,2026-07-19T14:18:05.333Z
1784470674704,2026-07-19T00:00:00.000Z,07:47 pm,pack,cash,true,109,109,0,1,2026-07-19T14:17:54.920Z,2026-07-19T14:18:06.640Z
1784470682297,2026-07-19T00:00:00.000Z,07:48 pm,dine,cash,true,109,109,0,1,2026-07-19T14:18:02.504Z,2026-07-19T14:25:59.024Z
1784470854118,2026-07-19T00:00:00.000Z,07:50 pm,pack,upi,true,109,0,109,1,2026-07-19T14:20:54.354Z,2026-07-19T14:20:59.644Z
1784471026817,2026-07-19T00:00:00.000Z,07:53 pm,pack,upi,true,198,0,198,1,2026-07-19T14:23:48.104Z,2026-07-19T14:25:57.398Z
1784471071679,2026-07-19T00:00:00.000Z,07:54 pm,pack,cash,true,60,60,0,1,2026-07-19T14:24:32.967Z,2026-07-19T14:25:54.767Z
1784471871001,2026-07-19T00:00:00.000Z,08:07 pm,pack,upi,true,89,0,89,1,2026-07-19T14:37:51.226Z,2026-07-19T14:39:23.473Z
1784471980975,2026-07-19T00:00:00.000Z,08:09 pm,pack,upi,true,89,0,89,1,2026-07-19T14:39:41.203Z,2026-07-19T14:39:44.539Z
1784472222179,2026-07-19T00:00:00.000Z,08:13 pm,pack,cash,true,238,238,0,1,2026-07-19T14:43:42.379Z,2026-07-19T14:49:05.448Z
1784472229131,2026-07-19T00:00:00.000Z,08:13 pm,dine,cash,true,139,139,0,1,2026-07-19T14:43:49.355Z,2026-07-19T14:56:10.052Z
1784472542765,2026-07-19T00:00:00.000Z,08:19 pm,dine,cash,true,139,139,0,1,2026-07-19T14:49:02.987Z,2026-07-19T14:56:08.990Z
1784472971914,2026-07-19T00:00:00.000Z,08:26 pm,pack,upi,true,50,0,50,1,2026-07-19T14:56:12.128Z,2026-07-19T15:04:00.878Z
1784473447946,2026-07-19T00:00:00.000Z,08:34 pm,dine,pending,false,50,0,0,1,2026-07-19T15:04:08.352Z,
1784473638479,2026-07-19T00:00:00.000Z,08:37 pm,pack,pending,false,109,0,0,1,2026-07-19T15:07:18.690Z,
1784474013004,2026-07-19T00:00:00.000Z,08:43 pm,pack,pending,false,308,0,0,1,2026-07-19T15:13:34.346Z,
1784474099433,2026-07-19T00:00:00.000Z,08:44 pm,pack,split,false,109,100,9,1,2026-07-19T15:14:59.652Z,
